일련번호,제목,작성일,내용,주소,썸네일,작성자,제목_키워드
1,"대시보드로 보는 모니터링의 미래, '풀스택 옵저버빌리티'",2023.05.31.,"IT 성능 관리를 위해 도입하던 ‘모니터링’이 한계에 달했다는 평가와 더불어, ‘옵저버빌리티’가 부상하는 흐름이 나타나고 있습니다. 이미 많은 엔지니어 분들이 옵저버빌리티에 대해 들어 보셨고 관련 툴 도입을 고려하고 계실 것입니다. 그럼에도 옵저버빌리티를 처음 접하거나, 모니터링과의 차이점에 대해 더 이해가 필요한 분들을 위해 옵저버빌리티를 소개하고, 대시보드 예시 화면를 통해 풀스택 옵저버빌리티의 중요성을 살펴보겠습니다.",https://yozm.wishket.com/magazine/detail/2047/, https://yozm.wishket.com/media/news/2047/image1.png,조은정,대시보드
2,티오베 선정 ‘올해의 프로그래밍 언어’의 비밀,2023.05.31.,"좋은 프로그래밍 언어는 어떻게 정의할 수 있을까요? 상황에 따라 중요도는 다르겠지만 보통 1) 문제를 해결하는 능력 2) 코드의 성능(실행 속도, 안정성) 3) 지원되는 기능 4) 용이한 유지 보수 5) 사용하기 쉬운 정도 6) 사용하는 개발자의 수(인기도) 등의 기준을 생각해 볼 수 있습니다. 특히 어떤 프로그래밍 언어를 가장 많이 쓰고 있는지가 중요한 기준이 될 수 있는데요. 이번 글에서 살펴볼 티오베는 티오베 지수(Tiobe Index)를 통해, 매월 프로그래밍 인기도를 측정하고 있습니다. 과연 티오베는 어떤 방법으로, 그리고 왜 이런 지표를 만들었을지에 대해 알아보겠습니다.",https://yozm.wishket.com/magazine/detail/2046/,https://yozm.wishket.com/media/news/2046/image6.jpg,애옹킴,쿠팡
3,쿠팡은 디자인 시스템을 어떻게 구축했을까?,2023.05.30.,"2020년 4월, 쿠팡은 UX 디자인 및 모바일 엔지니어링 전문가로 태스크 포스 팀(TF)을 구성하여, 로켓 디자인 시스템(Rocket Design System, RDS)을 향한 여정을 시작했습니다. 사내 니즈과 제약사항에 대한 깊은 논의를 시작으로 기존 디자인, 코드, 프로세스를 분석하고, 이커머스 시장의 특성과 쿠팡의 초고속 성장 속도를 반영하는 시스템을 만들기 시작했습니다.",https://yozm.wishket.com/magazine/detail/2045/,https://yozm.wishket.com/media/news/2045/1_OcYei5T.jpg,쿠팡 엔지니어링,상관관계
4,[쉽게 배우는 AI] 6. 상관관계와 인과관계,2023.05.26.,"지금까지 데이터 산업에서 데이터를 표나 그래프로 정리해서 본다는 것을 배웠습니다. 그렇다면 표에 정리했을 때, 독립변수와 종속변수는 어떻게 표현될까요? 표에서 어떤 열의 값이 변할 때 함께 변하는 다른 열이 있고, 이러한 상황이 해당 열에 모두 적용된다면 두 변수는 서로 엮여있다고 볼 수 있습니다. 이런 변화의 모습은 상관관계와 인과관계로 나뉘며, 상관관계가 인과관계를 포함하고 있습니다. 모든 인과관계는 상관관계이지만, 모든 상관관계가 인과관계는 아닐 수도 있습니다. 예를 들어, 바깥 기온이 높아질수록 실내 에어컨 온도가 낮아진다면, 실내 온도에 따라 실내 에어컨 온도가 변화해 둘은 인과관계에 있다고 볼 수 있습니다.",https://yozm.wishket.com/magazine/detail/2043/,https://yozm.wishket.com/media/news/2043/cats2.jpg,코믹스택,리더
5,파이콘에는 미래 세대를 위한 '이것'이 있다,2023.05.26.,"아이를 키우고 있는 집에서는 엄마든 아빠든 주말에 시간을 비워 세미나나 컨퍼런스에 참여하기가 쉽지 않다. 누군가는 독박 육아를 하게 될 것이 분명하기에 망설일 수밖에 없다. 또 배우자가 출장 중이거나 아이를 맡길 곳이 없다면 참여는 더 어려워진다. 하지만 2017년의 파이콘에서는 이 문제를 모두가 나서서 해결하기로 했기에 큰 의미가 있었다. 이 글에서는 어떻게 이 문제를 해결했고, 어떤 고민이 있었는지를 공유하고자 한다. 다양성 있는 커뮤니티를 꾸리고자 하는 이들에게 도움이 되길 바란다.",https://yozm.wishket.com/magazine/detail/2042/,https://yozm.wishket.com/media/news/2042/pexels-emma-bauso-2253879.jpg,박조은,플랫폼
6,리더로 성장하고 싶은 개발자를 위한 3가지 기술,2023.05.25.,"매니지먼트는 프로젝트 관리, 팀 관리, 프로세스 관리로 구분할 수 있습니다. 첫 번째 프로젝트 관리는 출시 시기와 중점을 둬야 하는 일을 관리하는 기술입니다. 두 번째는 팀 관리, 즉 사람 관리입니다. 세 번째로 프로세스 관리입니다. 진행하는 과정을 관리하는 기술입니다. 주니어 개발자로 입사하면 처음에는 주어진 일을 하며, 개발 방법과 개발 주기를 배웁니다. 연차가 높아질수록 프로젝트를 관리하는 방법, 직원을 관리하는 방법, 좋은 프로세스를 설정하는 방법을 고민하며 성장합니다. 이 단계를 거쳐야 좋은 시니어 개발자가 되거나 좋은 개발 팀장이 될 수 있습니다.",https://yozm.wishket.com/magazine/detail/2040/,https://yozm.wishket.com/media/news/2040/4.png,골든래빗,구글
7,초보 Spring(Java) 개발자를 위한 완전 기초 지식(실무편),2023.05.25.,이전 글인 '이론편'에서는 자바의 라이프 사이클과 기초 지식에 대해 설명했습니다. 실무 편에서는 해당 라이프 사이클의 코드와 적용 방법에 대해 설명해 보려고 합니다. 다른 언어를 배울 때도 해당 언어의 메모리 구조와 라이프 사이클을 공부한 후 개발하면 언어에 조금 더 쉽게 접근할 수 있습니다.,https://yozm.wishket.com/magazine/detail/2039/,https://yozm.wishket.com/media/news/2039/image3.png,sh,소고기
8,CNCF 플랫폼 백서,2023.05.24.,"이 백서는 기업의 리더, 아키텍트 및 플랫폼 팀 리더가 클라우드 컴퓨팅을 위한 기업 내부 플랫폼을 지지하고, 조사하고, 계획할 수 있도록 지원하고자 합니다. 플랫폼은 실제로 기업의 실제 가치 흐름에 큰 영향을 미치지만, 표면적으로는 간접적으로만 영향을 받는 것으로 보이기 때문에 플랫폼 팀의 장기적인 지속 가능성과 성공을 위해서는 경영진의 합의와 지원이 필수적입니다. 이 백서에서는 플랫폼의 가치가 무엇인지, 그 가치를 측정하는 방법, 가치를 극대화하는 플랫폼 팀을 구현하는 방법에 대해 논의함으로써 경영진 및 플랫폼 사용자 등 관계자들의 지원이 가능하게 할 것입니다.",https://yozm.wishket.com/magazine/detail/2037/,https://yozm.wishket.com/media/news/2037/platform_components.png,조훈(CNCF & NCP 앰버서더),독립변수와 종속변수
9,구글의 프론트엔드 성공 지표 ‘Core Web Vitals’,2023.05.23.,"프론트엔드 성능은 사용자 경험과 웹사이트의 성공에 매우 중요한 역할을 합니다. 이는 사용자가 웹사이트를 방문했을 때 페이지가 로드되는 속도나 반응성, 사용자의 인터랙션(interaction) 등을 말합니다. 웹사이트의 성능은 다양한 요소들에 의해 결정되는데요. 예를 들어, 빠른 로딩 속도는 웹사이트의 서비스에 필요한 파일 크기와 개수, 웹사이트의 응답 속도, 네트워크 연결 상태 등에 영향을 받습니다. 이와 같이 성능을 판단하는 요소들을 성능 지표라고 부를 수 있습니다. 이번 글에서는 웹사이트 성능 지표를 판단할 수 있는 구글의 ‘Core Web Vitals’에 대해 살펴보겠습니다.",https://yozm.wishket.com/magazine/detail/2036/,https://yozm.wishket.com/media/news/2036/이미지_1.png,himprover.com,개발자
10,오픈소스 '슬기롭게' 사용하는 법,2023.05.23.,"디지털 전환이 본격화되면서, 소프트웨어 기술 노하우를 공유하고 인공지능이나 블록체인과 같은 신기술의 시드 기술을 제공하는 오픈소스 사용은 필수가 되었다. 오픈소스는 비즈니스 생태계에 파괴적인 혁신을 초래하며, 다양한 참여자들의 소프트웨어 시장 진입장벽을 완화하고 있다. 오픈소스라고 하면 이름 때문에 아무런 제약 없이 무료로 사용할 수 있다고 생각하기 쉬우나, 실제 실무 환경에서는 생각보다 고려해야 하는 사항이 많다. 이번 글에서는 오픈소스 소프트웨어 사용 시 발생할 수 있는 문제와 이에 대응하기 위한 방안을 살펴보고자 한다.",https://yozm.wishket.com/magazine/detail/2035/,https://yozm.wishket.com/media/news/2035/image6_mSBSQso.png,김보안,개발자
11,"소고기를 위한 ‘도메인 드리븐’ 실현, 조환 설로인 개발리더",2023.05.22.,"비즈니스를 코드로 구현하기 위해 분투하고 있는 다양한 프로그래머의 고민, 문제 해결, 성장 이야기를 들어보고자 합니다. 시리즈 첫 번째로, 소고기 시장을 코드에 담고 있는 조환 설로인 개발 리드를 만나 인터뷰했습니다. 새로운 도메인에서 문제를 풀어가는 프로그래머들, 성장하고 싶으나 무엇을 더 잘해야 할지 고민이었던 프로그래머들, 비즈니스를 진지하게 고민하는 프로그래머들에게 도움이 되길 바랍니다.",https://yozm.wishket.com/magazine/detail/2033/,https://yozm.wishket.com/media/news/2033/image3.jpg,안영회,그것이 알고 싶다
12,내가 파이콘 한국을 사랑한 이유,2023.05.22.,"나는 2014년 첫 파이콘 한국에 자원봉사자로 참석한 이후, 파이콘만의 매력에 빠져 준비위원회에 합류했고, 2016 ~ 2019까지 총 4회의 파이콘 한국을 같이 만들었다. 아마도 내가 빠진 매력은 지난 10년동안 건강한 개발자 컨퍼런스를 만드는 데 가장 큰 역할을 한 파이콘만의 장점이자, 파이콘이 개발자 컨퍼런스 그 이상의 가치를 가지게 하는 요소라고 확신한다. 사실 이 매력은 참가자 입장에서는 잘 보이지 않는다. 이제부터 내가 빠졌던 파이콘의 매력을 여러분들도 같이 느끼면서 올해 열릴 파이콘 한국을 더 재미있게 즐겼으면 좋겠다.",https://yozm.wishket.com/magazine/detail/2032/,https://yozm.wishket.com/media/news/2032/image1.jpg,조성수,자바
13,[쉽게 배우는 AI] 5. 독립변수와 종속변수란?,2023.05.19.,"독립변수와 종속변수는 통계학과 머신러닝에서 중요한 개념입니다. 얼핏 보면 어려워 보일 수 있지만 이렇게 생각하면 이해하기 쉬울 것입니다. 독립변수를 ""왜?"", 종속변수를 ""결과가 어떻게 달라질까?""라고 말이죠. 원인은 결과와 상관없이 일어나는 사건, 즉 결과에 영향을 받지 않는 독립적인 사건이지만 결과는 원인에 종속되어 발생하는 사건입니다. 원인은 독립적이기 때문에 독립변수, 결과는 원인에 종속되어 있기 때문에 종속변수라고 합니다. 독립변수가 변할 때 종속변수도 변화하며 이 관계를 통해 우리는 어떤 영향을 예측하거나 설명할 수 있습니다.",https://yozm.wishket.com/magazine/detail/2031/,https://yozm.wishket.com/media/news/2031/5화_썸넬.jpg,코믹스택,표
14,로우 코드·노코드 열풍 속 개발자 일자리 괜찮을까?,2023.05.19.,"로우 코드, 노코드 솔루션은 코딩에 대한 배경지식이 거의 없는 사용자에게 유용하다. 로우 코드 및 노코드 플랫폼을 통해 기존 프로그래밍 대신 GUI(그래픽 사용자 인터페이스)를 사용하여 비즈니스 애플리케이션을 구축할 수 있기 때문이다. 로우 코드, 노코드 채택은 디지털 트랜스포메이션에서 매우 빠르게 성장하고 있는 기술이기도 하다. 이제 누구나 개발자가 될 수 있는 시대다. 이번 글에서 로우 코드와 노코드의 열풍 속 개발자의 미래에 대해 살펴보고자 한다.",https://yozm.wishket.com/magazine/detail/2030/,https://yozm.wishket.com/media/news/2030/25469811_developer_male__1_.jpg,주길재,코드
15,개발자가 알아두면 좋은 ‘재현 가능한 예제’ 활용법,2023.05.18.,"에러 해결을 위한 가장 확실한 방법은 코드 전체를 확인하는 것입니다. 하지만 모든 코드를 확인하는 것은 현실적으로 어렵습니다. 따라서 에러 해결을 위한 가장 효율적인 방법은 현재 겪고 있는 상황을 잘 정리하여 질문하는 것입니다. 이때 재현 가능한 예제(또는 reprex)를 활용할 수 있는데요. 이 방법은 질문자의 현 상황을 답변자가?쉽고 정확하게 이해하고, 문제를 해결하는 데 도움을 줄 수 있도록 현상을 구현하는 것을 말합니다. 이번 글에서 개발자가 알아두면 좋은 재현 가능한 예제와 reprex 활용법에 대해 살펴보겠습니다.",https://yozm.wishket.com/magazine/detail/2027/,https://yozm.wishket.com/media/news/2027/image10.png,애옹킴,사이버
16,"개발자 생활 첫 10년, 이 세 가지가 중요합니다",2023.05.17.,"앞으로 30년 혹은 그 이상을 개발자로 살고 싶은 분들께 조금이나마 도움이 되었으면 하는 마음으로 제 경험을 3회차의 연재 글로 풀어볼 겁니다. 1) 성장하는 10년, 2) 리딩하면서 일하는 10년, 3) 서포트하는 10년 (경영과 사업의 10년) 제 이야기가 여러분께, 혹은 지금 시기에 딱 맞지 않을 수도 있습니다. 그럼에도 가능하면 시간이 지나도 살아있는 콘텐츠가 될 수 있도록 핵심에 집중했습니다. 개발자 여러분께 도움이 되길 희망합니다.",https://yozm.wishket.com/magazine/detail/2025/,https://yozm.wishket.com/media/news/2025/programming-background-concept.jpg,골든래빗,주니어
17,코드 가독성 높이는 자바 람다식과 함수형 인터페이스,2023.05.17.,"자바(Java)는 시간이 지남에 따라 발전하면서 더욱 효율적이고 간결한 코드를 작성할 수 있도록 다양한 기능을 제공하고 있습니다. 특히 자바 8부터 도입된 람다식과 함수형 인터페이스는 자바에서 함수형 프로그래밍 패러다임을 적용할 수 있게 했는데요. 이 글에서는 자바 람다식(Lambda expression)에 대한 기본 개념을 살펴보고, 람다식의 기본 문법과 함수형 인터페이스의 도입 배경 및 활용법에 대해 정리해 보았습니다.",https://yozm.wishket.com/magazine/detail/2023/,https://yozm.wishket.com/media/news/2023/image8.png,곰씨네 IT 블로그,데이터
18,"그것이 알고 싶다, 사이버 범죄의 온상 다크웹",2023.05.16.,"다음 사건들의 공통점은 무엇일까? 성 착취 영상물 유포로 사회적 이슈를 불러일으킨 N번방 사건, 온라인을 통한 불법 마약 구매 사건, 국내 통신사 및 병원 등의 개인정보 온라인 공개 사건. 정답은 ‘블랙 트라이앵글(Black Triangle)’을 이용해 수사망과 법망을 피한 불법행위 사건이라는 점이다. 블랙 트라이앵글은 마약 유통, 아동 성 착취 영상, 자금 세탁, 총기 거래 등 범죄행위를 위해 다크웹이나 텔레그램, 암호화폐를 이용한 불법 카르텔을 의미한다. 최근 국내에서도 관련 범죄가 증가하고 있다. 이번 글에서는 블랙 트라이앵글 요소 중 하나인 다크웹의 피해 현황과 대응 방안에 대해 살펴보고자 한다.",https://yozm.wishket.com/magazine/detail/2022/,https://yozm.wishket.com/media/news/2022/image3.png,김보안,Java
19,자바 개발자를 위한 컨테이너 이미지 빌드,2023.05.15.,쿠버네티스 기반의 시스템을 운영하고 있다면 CI/CD 과정에서 반드시 컨테이너 이미지를 생성하는 과정을 거쳐야 합니다. 이 글에서는 컨테이너의 기본 개념과 자바 개발자를 위한 효과적인 컨테이너 이미지 생성 방법을 알아봅니다.,https://yozm.wishket.com/magazine/detail/2018/,https://yozm.wishket.com/media/news/2018/6.png,조훈(CNCF & NCP 앰버서더),머신
20,[쉽게 배우는 AI] 4. 표와 데이터 셋,2023.05.12.,"무작위하게 흩어져있는 데이터를 정리할 때 어떤 방법을 사용하면 좋을까요? 보통 표와 그래프를 가장 많이 사용합니다. 정리된 데이터 상태를 보고 싶을 때는 표를, 변화의 흐름이나 정도 등을 확인할 때는 그래프를 사용합니다. 아무리 복잡한 데이터라도 표라는 시각화 도구를 잘 사용하면 깔끔하게 정리할 수 있습니다. 표를 기반으로 하는 도구인 ‘엑셀’, ‘데이터베이스‘에 데이터를 넣어주면, 강력한 컴퓨팅 파워를 사용할 수 있게 됩니다.",https://yozm.wishket.com/magazine/detail/2017/,https://yozm.wishket.com/media/news/2017/7__1_.png,코믹스택,데이터
21,"비전공자 개발자 취업, 어떻게 준비해야 할까?",2023.05.12.,"ChatGPT와 같은 강력한 생성 AI의 등장으로, 코딩하는 개발자의 시대는 끝났다는 이야기도 심심찮게 들려오고 있다. 하지만 그럼에도 여전히 개발자에 대한 사회적 수요는 높고, 개발자를 꿈꾸는 지망생도 많다. 나는 뒤늦게 컴퓨터 공학을 복수전공하긴 했지만, 원래 어문학과를 다녔기 때문에 완벽한 전공자라고는 볼 수 없다. 그래서 이번 글에서 비전공자로서 개발자를 꿈꾸는 사람들에게 공부 방법과 추천 도서, 취업 준비 팁 등을 공유하고자 한다.",https://yozm.wishket.com/magazine/detail/2016/,https://yozm.wishket.com/media/news/2016/image6.png,Kani,ChatGPT
22,-10배 엔지니어가 되는 방법,2023.05.10.,이 글은 10x 엔지니어가 아닌 -10배의 엔지니어가 되는 법에 대해 작가의 개인적인 견해를 담은 글입니다. +10배의 엔지니어는 신화적인 인물일지 몰라도 -10배의 엔지니어는 존재합니다. -10배의 엔지니어가 되려면 주당 400시간의 엔지니어링 시간을 신나게 낭비하면 됩니다. 아래의 전략들을 조합해 보세요.,https://yozm.wishket.com/magazine/detail/2012/,https://yozm.wishket.com/media/news/2012/image1.jpg,요즘IT의 번역글들,데이터
23,깃옵스(GitOps)를 여행하려는 입문자를 위한 안내서,2023.05.10.,"쿠버네티스를 활용하여 시스템을 운영하는 과정에서 팀과 시스템의 요구 사항을 충족시키기 위한 다양한 전략을 만나게 됩니다. 대표적인 전략으로는 개발(Dev)과 운영(Ops)을 유기적으로 결합하여 효과적인 협업을 통한 빠른 배포를 가능하게 하는 데브옵스(DevOps), 개발(Dev)과 보안(Sec) 그리고 운영(Ops)을 결합하여 개발부터 운영까지 모든 단계에서 보안을 강화하는 데브섹옵스(DevSecOps), 머신러닝(ML)과 운영(Ops)을 결합하여 머신러닝과 관련된 환경의 구축과 운영에 대한 효율성을 높여주는 MLOps 등이 있습니다. 이 안내서에서는 자동화 도구와 소스 코드 관리 도구인 깃(Git)을 결합하여 쿠버네티스의 리소스를 배포하는 전략인 깃옵스(GitOps)의 개념을 알아보고 깃옵스에 활용할 수 있는 자동화 도구에 대해서도 살펴보겠습니다.",https://yozm.wishket.com/magazine/detail/2010/,https://yozm.wishket.com/media/news/2010/image2.png,조훈(CNCF & NCP 앰버서더),클라우드
24,사이버 보안 위험: 숫자로 표현하는 ‘CVSS’,2023.05.09.,"CVSS는 사이버 보안에 미치는 취약점의 위험성을 나타내는 수치로, 공통 취약점 등급 시스템(Common Vulnerability Scoring System)을 뜻한다. CVSS는 미국 국립표준기술연구소(NIST)가 지원하는 MITRE의 보안 취약점 관리 체계 ‘CVE(Common Vulnerabilities and Exposure)’ 요소 중 하나로 기밀성, 무결성, 가용성, 취약점의 접근 경로 및 복잡도, 인증 여부, 복잡성 등을 반영하여, 소프트웨어 보안 취약점을 평가하는 지표로 사용되고 있다.",https://yozm.wishket.com/magazine/detail/2009/,https://yozm.wishket.com/media/news/2009/image1.png,김보안,머신
25,코드 리뷰에 ‘켄트 벡’의 아이디어 접목하기,2023.05.09.,"<코드 리뷰가 개발 문화에 미치는 영향>이 발행된 바로 그날, 존경하는 프로그래머인 켄트 벡Kent Beck도 코드 리뷰에 대해 쓴 글 <Thinking About Code Review>을 발행했습니다. 우연이긴 했지만, 마침 코드 리뷰에 대한 글을 막 쓰고 난 참이라 제 글에 다루지 않았던 측면을 살펴 글로 추가하면 좋겠다는 생각이 들었습니다.",https://yozm.wishket.com/magazine/detail/2007/,https://yozm.wishket.com/media/news/2007/image1.png,안영회,주니어
26,주니어 개발자를 위한 TCP/IP 주요 프로토콜 알아보기,2023.05.08.,"이전 글 ‘주니어 개발자를 위한 엄청 쉬운 TCP/IP 4계층 이야기’에서, 컴퓨터와 컴퓨터의 통신이 올바르게 이루어지기 위해 데이터가 각각 어떤 계층에서 캡슐화되어야 하는지 알아보았습니다. 또한 데이터가 목적지에 정확히 전달되기 위해 계층별로 어떠한 프로토콜(약속)로 구성되어 있는지도 간단히 알아보았습니다. “응용, 전송, 인터넷, 네트워크 액세스 순으로 캡슐화”라는 큰 개념만 알아보았다면, 이번 시간에는 앞서 언급한 각 계층의 대표적인 프로토콜들에 대해 좀 더 알아보고, 각 프로토콜이 네트워크에서 어떻게 이용되는지 확인해 보겠습니다.",https://yozm.wishket.com/magazine/detail/2005/,https://yozm.wishket.com/media/news/2005/5-3.png,Morian,초보
27,[쉽게 배우는 AI] 3. 데이터 산업과 직업,2023.05.04.,"우리가 사는 현실을 데이터로 변환할 수 있다면, 컴퓨터의 힘으로 많은 일을 해낼 수 있습니다. 이렇게 변환된 데이터를 활용하기 위한 방법 중 하나가 바로 머신러닝입니다. 복잡한 현실을 데이터화한다면 머신러닝을 통해 쉽게 처리할 수 있는 것이죠. 그렇다면 현실을 데이터화하는 작업은 어떻게 이루어질까요?",https://yozm.wishket.com/magazine/detail/2004/,https://yozm.wishket.com/media/news/2004/섬네일-222.jpg,코믹스택,그렉
28,쿠팡이 '공간 색인'으로 로켓배송 개선한 방법,2023.05.04.,"택배 상자와 봉투들을 가장 효율적으로 배송하려면, 배송 시스템은 정확히 배송지 주소를 파악하고 이를 바탕으로 가장 적합한 배송 영역을 찾아낸 다음 담당자에게 운전 경로를 안내해 주어야 합니다. 허나 저희의 기존 시스템은 텍스트로 된 주소와 우편번호에 의존했고, 직관적이고 기능적인 부분도 부족하여 저희의 복잡한 운영 니즈를 만족시키지 못했습니다. 이에 저희는 배송 영역을 지도 위에 시각화하고, 직접 지도를 수정할 수 있는, 그리고 최적화에 필요한 수치 및 통계가 추가로 제공되는 시스템의 개발을 위한 프로젝트를 시작했습니다.",https://yozm.wishket.com/magazine/detail/2002/,https://yozm.wishket.com/media/news/2002/9.png,쿠팡 엔지니어링,커밋
29,2023년 쿠버네티스 표준 아키텍처,2023.05.02.,"2023년 쿠버네티스를 보다 원할하게 사용하기 위한 많은 제품들이 나와 있지만, 역설적으로 너무 많은 제품들이 있기 때문에 오히려 선정하기 어려움이 있습니다. 이에 시장에서 많은 레퍼런스를 가지고 있고, 안정적으로 동작하는 제품들로 구성된 표준 아키텍처가 있어야 한다고 판단했습니다. 다음의 선정한 제품들은 쿠버네티스를 시작하는 분들은 위한 가이드 또는 새로운 영역을 구성 추가할 때 참고할 수 있는 내용이라고 이해해 주시면 좋겠습니다. 일부는 이미 디 팩토(de facto / 사실상 표준)인 경우도 있지만, 상황에 따라서는 한국 시장에 맞게 선정한 제품도 있습니다.",https://yozm.wishket.com/magazine/detail/1998/,https://yozm.wishket.com/media/news/1998/2.png,조훈(CNCF & NCP 앰버서더),쿠팡
30,[쉽게 배우는 AI] 2. 머신러닝 모델이란?,2023.04.28.,"머신러닝에서 모델은 입력 데이터와 출력 데이터 사이의 패턴과 관계를 학습하기 위해 데이터 세트에서 훈련된 프로그램으로, 회귀, 의사 결정 트리, 신경망 등 많은 기술을 사용하여 훈련될 수 있습니다. 우리는 이 훈련 모델을 사용해 보이지 않는 새로운 결과를 예측할 수 있는데요. 정리하면 모델은 복잡한 시스템을 단순화하여 더 잘 이해할 수 있게 해주는 방법으로, 데이터를 기반으로 예측할 수 있게 도와줍니다.",https://yozm.wishket.com/magazine/detail/1997/,https://yozm.wishket.com/media/news/1997/Frame_222.png,코믹스택,개발자
31,넷마블 테크니컬 라이터로 일한 8개월의 회고,2023.04.28.,"저는 넷마블에서 테크니컬 라이터로 근무 중입니다. 저는 작년 8월에 합류해 기술 블로그 운영과 기술 문서 작성, 편집, 관리를 하고 있습니다. 문득 뒤돌아보니 벌써 8개월이라는 시간이 흘렀습니다. 그런데 기술 블로그를 운영하면서 여러 가지 넷마블의 이야기를 소개했지만 정작 기술 블로그를 운영하는 테크니컬 라이터의 이야기를 한 적은 없더라고요. 그래서 넷마블 테크니컬 라이터로 8개월간 일했던 이야기를 해보려고 합니다.",https://yozm.wishket.com/magazine/detail/1996/,https://yozm.wishket.com/media/news/1996/8838826.jpg,넷마블 기술 블로그,프론트
32,플러터가 다른 크로스 플랫폼보다 더 강력한 이유,2023.04.27.,"플러터(Flutter)는 2017년 구글이 출시한 모바일, 웹, 데스크톱 크로스 플랫폼 GUI 애플리케이션 프레임워크입니다. 하나의 코드 베이스로 안드로이드, iOS, 윈도우즈, 리눅스 및 웹용 애플리케이션과 구글 퓨시아용 앱의 주된 소스코드로 사용되고 있습니다. 이번 글은 출판사 골든래빗이? [MUST HAVE 코드팩토리의 플러터 프로그래밍]에서 발췌한 두 개의 글을 요즘IT에서 편집한 글입니다. 1) 플러터가 다른 크로스 플랫폼보다 더 강력한 성능을 낼 수 있는 원리와 2) 플러터로 모바일 앱을 만들 때 사용하는 안드로이드 스튜디오에 대해 소개합니다.",https://yozm.wishket.com/magazine/detail/1994/,https://yozm.wishket.com/media/news/1994/플러터_섬네일.jpg,골든래빗,테스트
33,미드레벨 SW 엔지니어가 갖춰야 할 7가지 역량,2023.04.27.,"소프트웨어 엔지니어로 2-3년 정도 경력이 쌓이면 이제 주니어 레벨에서 벗어날 준비가 필요하다. 회사에서도 한 단계 높은 미드레벨 개발자의 역량을 요구하기 때문이다. 평균적인 수치로 경력을 2-3년이라고 했지만 이는 사람마다 다를 수 있다. 빠르면 1년 이내 미드레벨에 도달할 수도 있고, 길면 4-5년 차 또는 그 이상이 될 수도 있다. 일반적으로 많은 회사에서 개발자 채용 시 ‘3년 이상의 경력’을 요구하는데, 해외에서는 L4 정도의 레벨을 의미한다. 이번 글에서는 주니어 개발자가 미드레벨에 도달하기 위해, 어떤 역량이 필요한지 필자의 경험을 토대로 살펴보고자 한다.",https://yozm.wishket.com/magazine/detail/1993/,https://yozm.wishket.com/media/news/1993/html-css-collage-concept-with-person.jpg,데브오웬,개발자
34,??ChatGPT로 쿠버네티스 관리하는 방법,2023.04.26.,"최근 ChatGPT에 대한 관심이 뜨겁습니다. ChatGPT는 단순 개발부터 보안, 업무 자동화 등 다양한 분야에 적용되고 있으며, 이를 더 잘 활용하기 위한 방법 또한 많은 관심을 받고 있습니다. 이번 글에서는 GPT 기술을 활용한 쿠버네티스 관리 방법에 대해 알아보겠습니다.",https://yozm.wishket.com/magazine/detail/1990/,https://yozm.wishket.com/media/news/1990/쿠버네티스.png,테크유람,코드
35,데이터 주도 프로덕트 개발을 위한 실험 환경 세팅하기,2023.04.25.,"PO(Product Owner)는 옵션 A를 진행할지, 옵션 B를 진행할지, 또는 더 나은 결과를 얻으려면 어떤 버전의 화면을 구현해야 하는지 고민하는 경우가 많습니다. 특히 제한된 리소스로 촉박한 마감 시한에 쫓기는 경우 이러한 결정을 내리는 것은 어려운 일일 수 있습니다. 게다가 이러한 결정은 개인적인 판단이나 경쟁사의 접근 방식을 모방하여 이루어지기 때문에 최적의 결과를 얻지 못할 수 있습니다. 다행히도 비교적 적은 노력으로 간단한 실험 환경을 세팅하면 이러한 함정을 피할 수 있습니다. 이 글에서는 이를 달성하는 방법을 설명하고자 합니다.",https://yozm.wishket.com/magazine/detail/1988/,https://yozm.wishket.com/media/news/1988/image2.png,요즘IT의 번역글들,주니어
36,클라우드 비용 최적화: 수백만 달러 절약한 쿠팡의 노력,2023.04.24.,"쿠팡의 파이낸스 및 엔지니어링 팀들은 지난 몇 분기 동안 로드맵을 바탕으로 서로 협력하며 클라우드 서비스에 지출되는 온디맨드(on-demand) 비용을 관리하고 최적화해왔습니다. 여러 엔지니어링 조직들이 하나의 팀이 되어 노력했기에 가능한 일이었습니다. 하나의 팀으로서 저희는 다음과 같은 세 가지 핵심 원칙 하에 비용 최적화 작업을 수행했고, 이 포스트를 통해 어떤 작업이 이루어졌는지 공유드리고자 합니다.",https://yozm.wishket.com/magazine/detail/1987/,https://yozm.wishket.com/media/news/1987/1.png,쿠팡 엔지니어링,쿠팡
37,당신이 성장하지 못하는 이유,2023.04.24.,"나는 연차가 많아도 실력은 3~4년 차 정도에 머무는 사람들을 자주 본다. 이런 사람들의 공통적인 특징은 학습하려 하지 않고 변화를 좋아하지 않는다는 것이다. 왜 그렇게 되었을까? 내 나름대로 추정해 보면 성장이 정체되었다고 느꼈을 때 원인을 찾지 못하고(않고), 성장이 멈춘 채 시간이 흘렀을 것이다. 성장하지 못했다는 불안감은 점점 익숙함으로 바뀌고 익숙함은 현실에 안주하게 만든다. 결국 경력이 늘어나도 성장은 멈춰 있게 된 것은 아닐까? 그렇다면 왜 성장이 정체된다고 느낄까? 문제 해결의 핵심은 문제를 정의하는 것이다. 문제를 제대로 정의하지 못하면 시간을 낭비하고 문제가 반복적으로 일어난다. 내가 겪고 옆에서 지켜본 바로는 크게 두 가지 이유가 있다.",https://yozm.wishket.com/magazine/detail/1986/,https://yozm.wishket.com/magazine/detail/1986/,유영모,플러그인
38,[쉽게 배우는 AI] 1. 머신러닝이란?,2023.04.21.,"지금까지 인류는 좋은 결정을 내리기 위해 많은 노력을 했습니다. 숫자를 발명해 크기에 대해 정밀하게 인식할 수 있게 되었고, 더 나아가 복잡한 세상을 숫자로 표현하기 위한 여러 방법을 찾아냈습니다. 그리고 그 방법들을 모여 ‘통계’라는 이름을 갖게 되었죠. 하지만 인간의 욕심은 끝이 없었고, 인간의 고유한 영역까지 기계에게 맡기고 싶다고 생각했습니다. 인간이 가진 지혜를 기계에 부여해 스스로 결정하도록 할 수 없을까?에서 시작해 만들어진 기술이 바로 ‘기계 학습(Machine Learning)’입니다.",https://yozm.wishket.com/magazine/detail/1985/,https://yozm.wishket.com/magazine/detail/1985/,코믹스택,컴퓨팅 사고
39,주니어 웹 개발자가 알아야 할 ‘비동기 통신’,2023.04.20.,"“비동기 통신에 대해 설명해 보세요.” 프론트엔드 개발자 면접에서 자주 받는 질문이다. 개발자라면 비동기 통신과 동기 통신에 대한 개념을 정확하게 알아야 하고, 이를 바탕으로 효율적인 프로그램을 만들어야 하기 때문이다. 특히 자바스크립트는 싱글 스레드로 작동하기 때문에, 효율적인 프로그램을 만들기 위해서는 비동기 처리를 적절하게 사용하는 것이 중요하다. 이번 글에서는 필자가 면접에서 받은 질문을 토대로 비동기 통신, 동기 통신에 대한 개념을 소개한다. 그리고 비슷한 개념을 가진 블로킹과 논블로킹에 대해서도 살펴보고자 한다.",https://yozm.wishket.com/magazine/detail/1982/,https://yozm.wishket.com/magazine/detail/1982/,zwoo,프론트엔드
40,"""자바스크립트는 자리에서 물러날 때입니다"" JSON 창시자 인터뷰",2023.04.20.,"본문은 자바스크립트의 ‘구루’로 불리며 JSON을 만들기도 한 더글러스 크록포드(Douglas Crockford)를 인터뷰한 글입니다. 더글러스 크록포드는 <자바스크립트는 왜 그 모양일까요? How JavaScript Wokrs>, <자바스크립트 핵심 가이드 JavaScript The Good Parts>를 썼습니다. 인터뷰에는 자바스크립트, E언어에 관한 생각과 오랜 전문적 경험을 토대로 건네는 조언이 담겨 있습니다.",https://yozm.wishket.com/magazine/detail/1981/,https://yozm.wishket.com/magazine/detail/1981/,요즘IT의 번역글들,개발자
41,초보 Spring(Java) 개발자를 위한 완전 기초 지식(이론편),2023.04.19.,"모든 프로그램에는 시작과 끝이 있습니다. 개발자가 코드를 작성하고 실행하면 JVM에서 프로그램이 실행된 후 종료됩니다. 이때, JVM 상에서 어떤 식으로 동작하며 개발자가 작성한 코드는 어떤 식으로 돌아가고 메모리는 어떻게 구성되어 있기에 객체지향언어라고 말하는지에 대해 설명하려고 합니다. 오늘은 간단한 이론을 먼저 알아보고 다음 편에서 더 자세한 자바(Java) 지식에 대해 설명하겠습니다.",https://yozm.wishket.com/magazine/detail/1979/,https://yozm.wishket.com/magazine/detail/1979/,sh,프롬프트
42,"OpenAI 그렉 브록먼 ""나는 어떻게 머신러닝 전문가가 됐나""",2023.04.18.,"OpenAI에서 일하기 시작한 첫 3년 동안 저는 머신러닝 전문가가 되기를 꿈꿨지만, 목표를 향한 진전을 거의 이루지 못했습니다. 그리고 지난 9개월 동안의 노력 끝에 마침내 머신러닝 전문가로 거듭났습니다. 과정이 쉽지는 않았지만 결코 불가능하지는 않았고, 수학적인 지식을 이미 갖췄거나 배우려는 의지가 있는 유능한 프로그래머라면 누구나 할 수 있는 일이라고 생각합니다. 머신러닝의 기술적인 측면은 독학할 수 있는 온라인 강좌가 많아 크게 문제되지 않았습니다. 오히려 가장 큰 걸림돌은 어떤 분야에 있어 다시 초보자가 되는 것에 대한 불안감이었습니다.",https://yozm.wishket.com/magazine/detail/1977/,https://yozm.wishket.com/magazine/detail/1977/,요즘IT의 번역글들,콘텐츠
43,Git 커밋 메시지 컨벤션은 왜 중요할까?,2023.04.14.,"Git 커밋 메시지는 코드 변경 사항을 요약하여 전달하는 역할을 합니다. 만약 개발자들이 서로 다른 방식으로 커밋 메시지를 작성하면 메시지의 가독성이 떨어지고, 문제 발생 시 이력을 추적하기 어려워집니다. 따라서 프로젝트 시작 전에 Git 커밋 메시지 컨벤션(규약)을 정하는 것이 중요한데요. 이번 글에서는 Git 커밋 메시지 컨벤션의 중요성과 커밋 메시지 작성 방법을 알아보고, 이를 편리하게 자동화할 수 있는 방안에 대해 소개하겠습니다.",https://yozm.wishket.com/magazine/detail/1974/,https://yozm.wishket.com/magazine/detail/1974/,곰씨네 IT 블로그,Git
44,쿠팡이 '기계학습'으로 물류 입고 프로세스 개선한 방법,2023.04.13.,"쿠팡은 물류 입고 프로세스의 최적화를 위해 끊임없이 노력하고 있습니다. 풀필먼트 센터로의 제품 입고과정에서 낭비되는 자원을 최소화하면, 적기에 제품을 판매하고 더 많은 고객들에게 더 빠르게 배송할 수 있습니다. 이를 위해 쿠팡은 기계 학습을 통해 직매입 제품들의 풀필먼트 센터 입고 프로세스를 효율적으로 개선해 왔습니다. 본문을 통해 어떤 개선이 있었는지를 살펴보겠습니다.",https://yozm.wishket.com/magazine/detail/1973/,https://yozm.wishket.com/magazine/detail/1973/,쿠팡 엔지니어링,코드 재사용
45,개발자 ChatGPT로 보안 정복하기: 악성코드 대응,2023.04.12.,"본 시리즈를 통해 개발자 관점에서 ChatGPT를 활용해 보안 이슈를 해결하는 방법을 살펴보았다. 1편에서는 ChatGPT를 활용한 시큐어 코딩 방법을, 2편에서는 ChatGPT를 활용한 침해 사고 분석이라는 주제로 설명했다. 마지막으로 이번 편에서는 사이버 공격의 집약체인 악성코드를 주제로 ChatGPT 활용 방법에 대해 알아보고자 한다.",https://yozm.wishket.com/magazine/detail/1970/,https://yozm.wishket.com/magazine/detail/1970/,김보안,결합
46,프론트엔드 개발자가 PWA 알아야 하는 이유,2023.04.11.,"PWA란 프로그레시브 웹 앱(Progressive Web Apps)의 줄임말로, 모바일 기기에서 네이티브 앱(Native App)과 같은 사용자 경험을 제공하는 웹 앱입니다. 이는 기존의 전통적인 웹 앱과는 달리 네이티브 앱과 유사한 기능을 제공할 수 있다는 것이 가장 큰 특징입니다. PWA를 사용하면 사용자가 앱을 다운로드하거나 업데이트할 필요 없이 웹 브라우저를 통해 앱을 바로 사용할 수 있습니다. 이번 글에서는 프론트엔드 개발자가 PWA를 알아야 하는 이유에 대해 살펴보겠습니다.",https://yozm.wishket.com/magazine/detail/1969/,https://yozm.wishket.com/magazine/detail/1969/,himprover.com,개발자
47,테스트 코드는 왜 만들까?,2023.04.07.,"지금 돌이켜 생각하면 부끄러운 일이지만 처음 테스트 코드를 마주했을 때 든 생각은 '왜 귀찮은 테스트 코드를 만들어야 하는 걸까?'였습니다. 물론 지금은 테스트 코드의 중요성을 깨달아 열렬한 팬이 되었고 이를 제 사회 생존을 위한 필수 장치로 여기며 함께하고자 노력하고 있습니다. 요즘은 대부분의 개발 과정에서 테스트 코드 작성을 실천하며 더 나은 결과물을 만들고 있습니다. 이번 글에선 테스트 코드가 무엇이고 왜 중요한지에 대해 소개하고자 합니다.",https://yozm.wishket.com/magazine/detail/1964/,https://yozm.wishket.com/magazine/detail/1964/,Jay Ahn,게임
48,개발자 ChatGPT로 보안 정복하기: 침해 사고 분석,2023.04.05.,"정보통신망 제2조 제1항 제7호에 따르면, “침해 사고는 해킹, 컴퓨터 바이러스, 논리폭탄, 메일폭탄, 서비스 거부 또는 고출력 전자기파 등의 방법으로 정보통신망 또는 이와 관련된 정보시스템을 공격하는 행위로 인하여 발생한 사태”다. 즉, 침해 사고란 정보 유출, 시스템 파괴, 서비스 장애, 권한 상승 등의 공격 행위를 통해 안정적인 서비스 운영을 방해하고 보안의 3대 요소인 기밀성(Confidentiality), 무결성(Integrity), 가용성(Availability)을 저해하는 악의적인 공격으로 인해 발생한 사고다. 이번 글에서는 공격자들의 악의적인 접근으로 발생하는 침해 사고의 흔적을 ChatGPT로 분석해 보고자 한다.",https://yozm.wishket.com/magazine/detail/1960/,https://yozm.wishket.com/media/news/1960/hacker-spyware-cybercrime-phishing-fraud-concept_OU04Q8v.jpg,김보안,침해
49,코드 리뷰가 개발 문화에 미치는 영향,2023.04.04.,"요즘 매일 보는 앱 중에 깃허브(github)가 있습니다. 개발에서 손을 뗀 지 벌써 13년이 지났지만, SaaS 기업으로 회사를 키우는 입장에서 코드를 제품(product)을 구성하는 중요한 요소로 보고 있기 때문에 깃허브의 알람을 빠짐 없이 읽습니다. 코드를 중심으로 한 개발자들의 대화를 읽다 보면 코드를 짜지 않더라도 동료들이들이 무슨 생각을 하고, 어떤 논의들이 일의 중심에 놓이는지 큰 노력 없이 알 수 있어 무척 편리합니다. 이 글에서는 조직의 리더 입장에서 바라 본 코드 리뷰에 관한 경험을 토대로, 코드 리뷰가 인간적인 개발 문화를 만드는 데 얼마나 큰 기여를 하는지 말하고자 합니다.",https://yozm.wishket.com/magazine/detail/1957/,https://yozm.wishket.com/media/news/1957/team-coders-analyzing-code-wall-screen-tv-comparing-errors-using-digital-table_BE3mtVX.jpg,안영회,면접
50,주니어 개발자를 위한 엄청 쉬운 TCP/IP 4계층 이야기,2023.04.03.,"이번 글에서는 이전 글 “택배 배송 과정으로 알아보는 엄청 쉬운 컴퓨터 네트워크”를?컴퓨터에서 일어나는 일로 가져와 설명해보도록 하겠습니다. 이전 글에서 저는 데이터가 4단계에 걸쳐 캡슐화되고, 그것이 수신자에게 전달되는 과정을 택배 배송 과정에 빗대 알아봤습니다. 이번 글에서는 그것을 실제 네트워크 세계의 용어를 통해 설명해보려고 합니다. 이전 글을 읽고 오시면 이해에 더욱 도움이 되실 것입니다.",https://yozm.wishket.com/magazine/detail/1956/,https://yozm.wishket.com/media/news/1956/엄청쉬운섬네일2.png,Morian,Git
51,쿠버네티스 환경의 대표적 보안 기능 3가지,2023.03.30.,"쿠버네티스 환경에서의 보안이란 쿠버네티스 클러스터의 안정성과 보안성을 유지하는 것을 의미합니다. 쿠버네티스는 클러스터를 보호하기 위한 기본적인 보안 기능을 제공합니다. 많은 기능이 있지만 이 글에서는 가장 대표적인 세 가지 기능을 소개합니다. 쿠버네티스 클러스터에 접속하는 것을 통제할 수 있는 네트워크 정책, 역할 기반 접근 제어(RBAC) 그리고 민감한 정보를 안전하게 저장하기 위한 시크릿(secret), 지금부터 이 세 가지 보안 기능에 관해 알아보겠습니다.",https://yozm.wishket.com/magazine/detail/1953/,https://yozm.wishket.com/media/news/author/%EA%B0%95%EC%83%81%EC%A7%84.png,테크유람,쿠버네티스
52,"ChatGPT 플러그인, 그 의미와 의도는 무엇?",2023.03.28.,2023년 3월은 아마 AI역사에 꽤나 중요한 기간이 될 듯합니다. ChatGPT용 OpenAI 서비스 API 지원 발표를 한지 며칠 만에 지난주 금요일(3월 24일)에 ChatGPT를 위한 써드파티 플러그인 (Third-party Plug-Ins)을 지원한다고 발표했습니다. 이 플러그인이라는 것이 왜 필요하고 무엇을 바꾸려 하는지에 대해서 쉽게 설명해 보겠습니다.,https://yozm.wishket.com/magazine/detail/1951/,https://yozm.wishket.com/media/news/author/%EA%B9%80%EC%98%81%EC%9A%B1.jpg,김영욱,주니어
53,컴퓨팅 사고와 개발 실력 늘리는 공부법,2023.03.29.,"이번 글은 개발 실력을 늘리기 위한 방법과 컴퓨터적으로 사고하는 법에 대한 개인적인 고찰에 관한 글입니다. 운동이라 생각하고 꾸준히 훈련하기, 요구사항을 데이터 관점으로 사고하기라는 핵심 철학을 바탕으로 어떻게 하면 개발 실력을 효과적으로 키우고, 컴퓨터적으로 생각하게 할 수 있을지에 대해 얘기하려고 합니다. 이 글이 개발 실력을 늘리고 나에게 맞는 공부법을 찾는 데 도움이 되기를 바랍니다.",https://yozm.wishket.com/magazine/detail/1950/,https://yozm.wishket.com/media/news/author/%ED%85%8C%EC%98%A4%EC%9D%98%20%ED%94%84%EB%A1%A0%ED%8A%B8%EC%97%94%EB%93%9C.jpg,테오의 프론트엔드,택배
54,ChatGPT와 시큐어 코딩: 보안 이슈에서 안전한 코드까지,2023.03.27.,"ChatGPT를 기술적으로 이해하려면 전문지식이 필요하지만, 실무적으로 보면 ChatGPT의 활용 방법이 더 중요하다. 그래서 이번 시리즈를 통해 시큐어 코딩, 침해 사고 분석, 악성코드라는 주제로 ChatGPT를 활용해 보안 이슈를 해결하는 방법을 다룬다. 이 글에서는 ChatGPT에 대해 간단하게 알아보고, 개발자 관점에서 ChatGPT를 활용해 시큐어 코딩을 통한 보안 문제 해결방법에 대해 살펴보고자 한다.",https://yozm.wishket.com/magazine/detail/1948/,https://yozm.wishket.com/media/news/author/%EA%B9%80%EB%B3%B4%EC%95%88.png,김보안,코드
55,개발자를 위한 AI 검색엔진 ‘파인드(Phind)’ 활용법,2023.03.23.,"파인드(Phind)는 소프트웨어 개발 과정에서 필요한 정보를 빠르고 쉽게 찾을 수 있도록 도와주는 AI 검색엔진입니다. 이번 글에서는 파인드가 전통적인 키워드 기반 검색 엔진과 어떻게 다른지, 그리고 개발자들이 파인드를 사용함으로써 누리는 이점과 이를 활용하는 방법에 대해 정리해 보고자 합니다. 더불어 최근 가장 큰 이슈인 ChatGPT와 비교해서 어떤 차이가 있는지도 살펴보겠습니다.",https://yozm.wishket.com/static/renewal/img/news/icon-popularity.png,https://yozm.wishket.com/media/news/author/%EA%B3%B0%EC%94%A8%EB%84%A4_IT_%EB%B8%94%EB%A1%9C%EA%B7%B8.jpg,곰씨네 IT 블로그,개발자
56,AI 프롬프트 엔지니어링과 프롬프트를 훔치는 '인젝션',2023.03.20.,최근 대화형 인공지능에 대한 반응이 뜨겁습니다. ChatGPT를 필두로 인공지능의 시대가 본격적으로 시작된 것 같습니다. 이번 글에서는 인공지능 분야에서 결과물의 품질을 좌우하는 프롬프트에 대해 소개하고 프롬프트 엔지니어링의 중요성에 대해 알아봅니다.,https://yozm.wishket.com/magazine/detail/1939/,https://yozm.wishket.com/media/news/author/muralmural.jpg,muralmural,게이트웨이
57,그 많은 OTT 콘텐츠는 어떻게 웹에서 재생될 수 있을까?,2023.03.16.,"OTT 콘텐츠 많이들 보시나요? 지금 당장 생각나는 것만 해도 넷플릭스, 유튜브, 웨이브, 티빙, 왓챠 같은 많은 OTT 서비스들이 떠오르네요. 그런데 프론트엔드 개발을 조금이라도 해봤다면 웹 브라우저에서 저작권에 민감한 콘텐츠를 재생할 수 있다는 것이 매우 이상하게 느껴질 것입니다. 왜일까요? 개발자 도구를 쓸 줄 안다면 비디오 파일의 원본 URL을 쉽게 확인할 수 있고, 심지어 다운로드까지 할 수 있기 때문입니다. 그렇다면 여러 OTT 서비스들은 콘텐츠의 저작권을 보호하기 위해 어떤 기술을 사용하고 있을까요? 웹 브라우저에서 OTT 콘텐츠를 안전하게 재생하기 위해서 어떤 절차를 거쳐야 할까요?",https://yozm.wishket.com/static/renewal/img/news/icon-popularity.png,https://yozm.wishket.com/media/news/1934/man-watching-streaming-service-his-laptop.jpg,재그지그의 개발 블로그,개발자
58,확실히 알아두면 만사가 편해지는 머신러닝 10가지 알고리즘,2023.03.14.,"실무에서 원활히 머신러닝으로 데이터를 분석하는 데 얼마나 많은 알고리즘을 알고 있어야 할까요? 선형, 군집, 트리 같은 기본 개념을 알고 XGBoost와 LightGBM 같은 최신 알고리즘을 알면 우선 현업에 필요한 기본적인 도구로써의 알고리즘은 갖춘 겁니다. 따라서 본문에서는 10가지 머신러닝 알고리즘을 소개합니다. 정형 데이터라면, 이 10가지 알고리즘만으로 현업과 캐글 컴피티션에서 충분히 좋은 성과를 낼 수 있습니다.",https://yozm.wishket.com/static/renewal/img/news/icon-popularity.png,https://yozm.wishket.com/media/news/1931/34358449_6900_1_04.jpg,골든래빗,성장
59,코드 재사용성을 결정하기 전 고려해야 할 것들,2023.03.13.,"프로젝트를 진행하다 보면 특정 코드를 재사용하는 것에 대해 논의할 때가 많다. 그런데 항상 명확한 결론을 내지 못하고 끝낸 적이 많다. 왜 그럴까? 코드 재사용에 대한 의사결정은 간단해 보이지만 사실 많은 고민이 필요한 일이기 때문이다. 재사용에 대한 논의가 제대로 진행되려면 어떻게 재사용할 것인가를 결정하기에 앞서, ‘재사용이 정말 필요한 것인가?’, ‘재사용이 시도될 가치가 있는가?’를 고민해야 한다. 이번 글을 통해 그동안 필자가 경험을 통해 얻은 코드 재사용성에 대한 생각을 공유하고자 한다.",https://yozm.wishket.com/magazine/detail/1930/,https://yozm.wishket.com/media/news/1930/image1.jpg,주길재,우리집
60,느슨한 결합(loosely coupled) 원칙을 활용한 소프트웨어 설계,2023.03.09.,"지난 글 <소프트웨어 설계 20년 해보고 깨달은 ‘좋은 설계’의 조건>의 독자 중 한 분이 저에게 기술적인 노하우를 더 공유할 수 있는지 물었습니다. 조금 주저되었습니다. 개발자 입장에서 설계를 다룰 때, 당연히 프로그램을 잘 만드는 것에 집중하기 마련입니다. 이는 당연한 요구입니다. 그러나 ‘모든 상황에서 통하는 기술적인 노하우가 과연 있을까’ 하는 생각을 지울 수 없었습니다. 이러한 가치관을 갖고 있는 제 입장에서 선뜻 자신있게 기술적인 노하우를 꺼내는 일은 어색한 일이 아닐 수 없었습니다. 그래서 스스로에게 질문을 던져 보았습니다. ‘그럼에도 불구하고 하나만 언급해야 한다면 어떤 게 있을까?’라고요.",https://yozm.wishket.com/static/renewal/img/news/icon-popularity.png,https://yozm.wishket.com/media/news/1926/pexels-sora-shimazaki-5926380.jpg,안영회,소프트웨어 설계
61,개발자로 거듭나기? 네 가지 기본 소양을 기억하세요,2023.03.07.,"개발자라면 어떤 기초 지식을 습득해야 할까? 좋은 개발자가 되려면 어떤 사고방식을 갖춰야 할까? 개발자를 꿈꾸는 당신을 위한 조언이 여기 있다. 한글과컴퓨터, 블리자드, 넥슨, 삼성전자, 그리고 유니콘 기업 몰로코의 박종천 개발자가 올해 30년을 맞아 발자취를 되돌아보며 개발자 지망생에게 작은 조언을 건넸다. 수많은 글과 멘토들이 말했을 법한 말들이지만, 알면서도 잊고 실천하기는 더 어려운 그 이야기를 들어보자.",https://yozm.wishket.com/static/renewal/img/news/icon-popularity.png,https://yozm.wishket.com/media/news/1921/businessman-hand-holding-lightbulb-with-glowing-light-creative-smart-thinking-_hFd0mqK.jpg,골든래빗,개발자
62,"게임, 금융, 의료...비즈니스 곳곳 '이상 탐지 모델' 살펴보기",2023.03.06.,"이상 탐지에 대해 들어보셨나요? 이상 탐지란 일반적인 값과 다른 특이한 값(outlier)나 드문 사건을 탐지하는 기법으로, 최근 해외뿐만 아니라 국내에서도 이상 탐지 기술이 활용되고 있습니다. 주로 금융, 의료, 게임, 콘텐츠, 제조 등의 산업에서 활용되고 있는데, 이번 글을 통해 이상 탐지의 개념, 알고리즘 종류, 활용 사례에 대해 살펴보겠습니다.",https://yozm.wishket.com/magazine/detail/1919/,https://yozm.wishket.com/media/news/1919/image005.png,주정민,주니어
63,??쿠버네티스 워크로드와 통신하는 방법: ②인그레스,2023.03.03.,지난 1편에서는 쿠버네티스 클러스터 내부 혹은 외부에서 통신하기 위한 서비스에 대해 살펴봤습니다. 이번 편에서 다룰 ‘인그레스(Ingress)’는 서비스와 마찬가지로 외부 사용자와 쿠버네티스 내부로 들어오는 요청을 처리하기 위한 방법입니다. 서비스와는 다른 목적과 차별점이 있으니 함께 알아보겠습니다.,https://yozm.wishket.com/magazine/detail/1916/,https://yozm.wishket.com/media/news/1916/2.png,테크유람,프로그래밍
64,면접을 앞둔 개발자 지망생에게,2023.03.02.,"취업이라는 바늘구멍을 통과하기 위해서는 서류전형, 코딩 테스트, 인터뷰 등의 수많은 관문을 거쳐야 한다. 오래도록 준비했더라도 내가 가는 길이 맞는지 올바르게 준비하고 있는지 마음속에서 불안감을 떨쳐내기 어렵다. 개발자가 되는 문 앞에서 선 개발자 지망생, 당신을 위해 <개발자로 살아남기>의 한 이야기를 준비했다. 채용하는 입장에서 지망생의 어떤 점을 중점적으로 보는지, 그에 맞춰 지망생은 무엇을 준비하면 좋을지 작은 실마리가 되어 줄 것이다.",https://yozm.wishket.com/static/renewal/img/news/icon-popularity.png,https://yozm.wishket.com/media/news/1914/caricature-5280770_1920.jpg,골든래빗,개발자
65,웹소켓으로 개발하기 전 알아야 할 것들,2023.02.28.,웹소켓(Web Socket)?프로토콜은 HTTP와는 다른 통신 프로토콜로 웹 서버와 웹 브라우저가 서로 실시간 메시지를 교환하는 데에 사용된다. 최근 웹소켓을 활용해 소규모 메타버스 서비스를 개발하는 토이 프로젝트에 참여했다.?배포가 목적이었는데 이 과정에서 예상치 못한 보안 이슈를 만났다.?이때 문제 해결 과정에서 웹소켓 통신 역시 보안이 필요하다는 것을 알게 되어 이번 글에서 살펴보고자 한다.,https://yozm.wishket.com/static/renewal/img/news/icon-popularity.png,https://yozm.wishket.com/media/news/1911/image005.png,zwoo,키워드
66,??쿠버네티스 워크로드와 통신하는 방법: ①서비스,2023.02.24.,"최근 컨테이너 환경에서의 애플리케이션 개발과 인프라 운영이 늘어나고 있습니다. 쿠버네티스는 컨테이너를 관리(orchestration)하는 도구로 잘 알려져 있습니다. 이러한 관리 기능뿐만 아니라 컨테이너 기반 애플리케이션 배포와 오토스케일링 등의 기능까지 수행합니다. 애플리케이션을 독립적인 컨테이너로 구성하며, 클러스터를 통해 이를 쉽게 관리할 수 있도록 지원합니다. 이번 글에서는 쿠버네티스 클러스터 내부 혹은 외부에서 컨테이너 형태의 애플리케이션에 접속하기 위한 대표적인 통신 방법에 대해 알아봅니다.",https://yozm.wishket.com/magazine/detail/1909/,https://yozm.wishket.com/media/news/1909/image4.png,테크유람,안전
67,주니어 PM이 알아야 할 서버 기초 상식,2023.02.23.,"저는 개발자로 5년 동안 일하면서,?개발 환경이나 서버에 대해 잘 모르는 분이 PM,?기획자 역할을 맡아 고생을 많이 하시는 것을 여러 번 보았습니다.?그때마다 제가 알려드리곤 했던 기초적인 서버 관련 지식을 이번 글에서 소개하려고 합니다.?프로젝트를 처음 구성할 때 서버를 어떻게 구성해야 하는지,?비용 산정은 어떻게 해야 하는지,?서버에 발생하는 이슈는 어떤 것이고 개발자가 해결을 위해 무슨 작업을 하는지 등을 간략히 담았습니다.",https://yozm.wishket.com/static/renewal/img/news/icon-popularity.png,https://yozm.wishket.com/media/news/1907/pexels-sergei-starostin-6466143.jpg,sh,개발자
68,택배 배송 과정으로 알아보는 엄청 쉬운 컴퓨터 네트워크,2023.02.22.,"네트워크는 눈에 보이지 않습니다.?그래서 공부에 어려움을 겪는 분들이 많습니다. 대학에서는 네트워크 기초만 한 학기 동안 배울 만큼 공부할 분량도 많습니다.?하지만 저는 이번 시리즈에서 주니어 개발자가 실무에서 활용하는 데 어려움이 없을 만큼의 기본적인 이야기들을 하려고 합니다. 네트워크에서 데이터가 목적지로 전달되는 과정은,?편지를 전달하는 과정과 유사합니다. 다만 현실에서는 전달을 해주는 주체는 인간이기 때문에,?목적지가 “롯데월드타워”라면 “아,?거기”?하면서 스스로 찾아갈 수 있는 반면,?컴퓨터는 철저히 몇 가지 단계에 따라서 목적지를 찾아가야 합니다.",https://yozm.wishket.com/magazine/detail/1906/,https://yozm.wishket.com/media/news/1906/skyscrapers-4168483_1920.jpg,Morian,키워드
69,코드 리뷰는 스포츠다,2023.02.21.,"코드 리뷰는 어렵습니다. 주는 입장에서도 그렇고, 받는 입장에서도 그렇습니다. 만약 코드 리뷰를 난생처음 해보거나, 익숙하지 않은 환경에서 코드 리뷰에 참여해야 한다면 혼란스러움은 더 커지곤 하죠. 저는 이를 극복하기 위해 저만의 멘탈 모델을 만들게 되었습니다. 처음에는 코드 리뷰를 창과 방패의 싸움이라고 단순하게 생각했는데, 개념을 계속 확장하다 보니 어느 순간 코드 리뷰의 목표가 스포츠맨십과 크게 다르지 않다는 생각이 들었습니다. 이러한 멘탈 모델을 떠올린 덕분에 코드 리뷰에 참여하는 사람의 태도와 철학에 대해서도 고민을 해볼 수 있었죠.",https://yozm.wishket.com/static/renewal/img/news/icon-popularity.png,https://yozm.wishket.com/media/news/1903/image7_bR5qYk1.jpg,재그지그의 개발 블로그,HTTPS
70,개발자는 ChatGPT 이렇게 활용하면 좋습니다,2023.02.17.,"최근 ChatGPT가 여러 분야에서 화제가 되고 있습니다.?벌써 많은 사람들이 ChatGPT를 이용하여 아이디어를 얻고,?보고서를 만들고,?번거로운 업무를 자동화하는 등 여러 가지 시도가 이어지고 있는데요.?이와 관련해서 이번 글에서는 개발자 관점에서 ChatGPT를 소프트웨어 개발에 어떻게 활용할 수 있는지 알아보고, ChatGPT의 한계에 대해서도 간단히 정리해 보았습니다.",https://yozm.wishket.com/static/renewal/img/news/icon-popularity.png,https://yozm.wishket.com/media/news/1901/image001.png,곰씨네 IT 블로그,웹
71,API?게이트웨이 톺아보기:?스로틀링과 알고리즘 구현,2023.02.16.,"일반적으로 API는 사용자가 API?클라이언트 도구를 이용해서 직접 사용하는 일은 거의 없습니다. API?호출 테스트를 할 때를 제외하고는 대부분이 자동화된 프로세스에 연동하여 사용합니다.?그렇기에 자동화된 프로세스라는 사용자의 특성으로 인해 API?개발자들은 비밀성과 가용성 부분에서의 보안적인 요소나 사용량 제어 등의 목표를 위해서 API 게이트웨이(API Gateway)를 이용합니다. 이번 글에서는 API를 제공하는 시스템에서 꼭 고려해야 하는 API?게이트웨이와 기능 중 하나인 API?스로틀링(Throttling),?관련 알고리즘에 대해 살펴보고자 합니다.",https://yozm.wishket.com/magazine/detail/1900/,https://yozm.wishket.com/media/news/1900/image009.png,Jay Ahn,주니어
72,훌륭한 개발자의 5가지 특징,2023.02.14.,"많은 사람들이 프로그래머가 되고 싶어 하고, 이미 프로그래머인 많은 사람들이 자신이 하는 일을 더 잘하고 싶어 합니다. 프로그래밍은 현시대에 할 수 있는 가장 흥미로운 일 중 하나이며, 프로그래밍을 떠나서도 어떤 일에 능숙해진다는 것은 좋은 일입니다. 여러분이 웹 개발자든, 컴퓨터 공학자든, 현재 주니어 레벨이든, 시니어든 경력에 상관없이 훌륭한 프로그래머는 여타 개발자와 차별화되는 몇 가지 특징을 항상 가지고 있습니다. 궁금하시다면 이 글을 읽어보세요. 스스로가 훌륭한 개발자인지 알 수 있게 될 것입니다.",https://yozm.wishket.com/static/renewal/img/news/icon-popularity.png,https://yozm.wishket.com/media/news/1896/jay-zhang-dF0nne1hnzQ-unsplash.jpg,요즘IT의 번역글들,자바스크립트
73,성장하고 싶은 주니어 개발자를 위한 추천 도서 5권,2023.02.09.,"많은 이들이 개발자가 되고 싶어 하지만,?아이러니하게도 실력이 뛰어난 개발자는 점점 더 찾기 힘든 것이 현실이다.?대학에서 컴퓨터 공학을 전공하지 않아도,?또는 대학을 나오지 않아도 개발자가 될 수 있는 시대에서 각자가 생각하는 훌륭한 개발자가 되기 위한 덕목은 다를 것이다.?이번 글에서는 필자가 소프트웨어를 개발하며,?직접 읽어본 개발 관련 도서 중 학생이나 주니어 개발자에게 추천하고 싶은 책 5권을 소개하고자 한다.",https://yozm.wishket.com/static/renewal/img/news/icon-popularity.png,https://yozm.wishket.com/media/news/1892/image001.jpg,데브오웬,회고
74,우리집 ‘월패드’로도 사생활이 노출될 수 있다고?,2023.02.06.,"우리 삶에 정보통신기술이 접목되면서 생활 환경이 더욱 편리해지고 효율성도 향상되었지만,?사생활 침해나 2차 범죄 노출 위험이 커졌다.?주거 환경도 마찬가지다.?집 안에 기술이 더 많이 들어올수록 우리는 더 편해지지만 그만큼 보안 위험 또한 커진다. 특히 AI의 발달 등을 기존 IoT를 도입한 스마트홈을 넘어 더 편리해진 ‘지능형 스마트홈’이 주목을 받으며 그러한 위험이 더 커졌다.?이번 글에서는 지능형 스마트 홈 시대의 보안 문제와 대응 방안을 살펴보고자 한다.",https://yozm.wishket.com/magazine/detail/1886/,https://yozm.wishket.com/media/news/1886/image001.png,김보안,사생활
75,소프트웨어 설계 20년 해보고 깨달은 ‘좋은 설계’의 조건,2023.02.03.,"이 글은 제가?20여년 동안 소프트웨어 설계를 공부하고,?적용해보면서 갖게 된 믿음에 관한 글입니다.?한때 설계에 빠져 공부했고,?잘못된 믿음도 가져봤습니다.?하지만 언어와 실력이 다른 분들과 일하며 설계를 했던 경험을 비롯해 다양한 학습이 저를 설계에 관한 다른 관점으로 이끌었습니다. 이 글을 읽고 최소한 여러분은 설계에 대해 기대하지 말아야 할 것들에 대한 제 견해를 알 수 있을 것입니다.?조금 욕심을 부리자면,?적어도 한 사람 정도는 제 글을 읽고 행동에 변화가 생기는 분이 나타날 수도 있다는 기대를 갖고 글을 씁니다.",https://yozm.wishket.com/static/renewal/img/news/icon-popularity.png,https://yozm.wishket.com/media/news/1884/pexels-cottonbro-studio-4709285.jpg,안영회,다음
76,코딩으로 문서 작성하는 콰르토(Quarto) 톺아보기,2023.02.02.,"이번 글에서는 문서 작성은 귀찮았지만 영리했던 과거의 누군가의 작품인, 약간만 익숙해지면 다양한 범위의 업무에서도 충분히 활용할 수 있는 문서작성 툴 콰르토(Quarto)를 소개하겠습니다. 콰르토는 R이라는 프로그래밍 언어에서 마크다운(마크다운)을 작업할 수 있게 하는 R마크다운이라는 툴의 후속작입니다.",https://yozm.wishket.com/static/renewal/img/news/icon-popularity.png,https://yozm.wishket.com/media/news/1883/image009.png,애옹킴,파이썬
77,주니어 개발자를 위한 엄청 쉬운 네트워크 이야기,2023.01.26.,"저는 5년차 개발자입니다.?회사에서 신입 개발자들과 함께 일하다 보면 네트워크에 관해 모르는 분들이 많으시더군요.?저도 사실 처음에는 그랬습니다.?그런데 일을 하다 보니 주니어 개발자가 더 성장해 중니어 이상으로 도약하려면 네트워크 지식이 꼭 필요하다는 것을 알게 됐습니다. 그래서 이번 글에서는 우선 주니어 개발자가 네트워크를 알아야 하는 이유를 설명하고,?네트워크를 아예 모르는 분들도 이해할 수 있도록 쉽게 풀어 이야기해보겠습니다.",https://yozm.wishket.com/static/renewal/img/news/icon-popularity.png,https://yozm.wishket.com/media/news/1875/image001.jpg,Morian,개발자
78,프로그래밍의?종말,2023.01.25.,‘프로그램을?짠다’는?기존의?개념은?사라지는?방향으로?가고?있다고?봅니다.?또한?매우?특화된?응용?프로그램을?제외하고?우리에게?익숙한?형태의?소프트웨어?대부분이 ‘프로그램되는’ 대신 ‘훈련된’ AI?시스템으로?대체될?전망입니다. ‘간단한’?프로그램이?필요한?상황에서는?이러한?프로그램?자체가?손으로?코딩되는?대신 AI로?생성될?것입니다.?어차피?모든?프로그램이 GPU?클러스터상에서?매개변수?수천억?개로?구성된?모델을?실행할?필요는?없으니까요. 이게?말도?안?되는?생각이라고는?보지?않습니다.,https://yozm.wishket.com/static/renewal/img/news/icon-popularity.png,https://yozm.wishket.com/media/news/1873/michael-dziedzic-qDG7XKJLKbs-unsplash.jpg,요즘IT의 번역글들,프로그램
79,개발자?영어?공부?방법과?팁,2023.01.18.,"개발자에게?영어?공부는?항상?따라다니는?숙제?같습니다.?특히?요즘?같은?글로벌?시대에?개발자에게?영어는?점점?중요한?덕목이?되어가고?있죠.?이번?글에서는?개발자로서?어떻게?영어?공부를?시작해야?할지에?대해?알아보고,?미국에서?개발자로?생활하고?있는?저의?영어?공부?팁을?공유해볼까?합니다.",https://yozm.wishket.com/static/renewal/img/news/icon-popularity.png,https://yozm.wishket.com/media/news/1868/pexels-julie-sparks-11803226.jpg,곰씨네 IT 블로그,모노
80,"키워드로 살펴보는 2022 보안 사고: ②국가 안보, 금융 분야",2023.01.16.,지난 1편에서는 2022년 사이버 보안을 정리하는 4가지 키워드 중 랜섬웨어와 인공지능에 대한 공격 패러다임과 역기능의 대응 방안을 소개했다.?이번 글에서는 남은 두 가지 키워드인 국가 안보와 금융 분야에 대해 살펴보고자 한다.,https://yozm.wishket.com/magazine/detail/1864/,https://yozm.wishket.com/media/news/1864/image003.jpg,김보안,사이버보안
81,??안전한 웹을 위해 HTTPS 이해하기: ②HTTPS를 강제하는 HSTS 기술,2023.01.13.,"대부분의 웹 사이트는 보안성을 위해 HTTPS를 지원합니다. 상업적인 웹 사이트뿐만 아니라 개인 블로그까지 이제 HTTPS는 선택이 아니라 거의 강제에 가까운 옵션이라 할 수 있습니다. 최신 브라우저들은 HTTPS를 지원하지 않는 웹 사이트를 위험성이 있는 페이지로 표시하고 있으며, 검색 엔진 또한 HTTPS를 적용한 사이트를 검색 결과에 우선적으로 노출하고 있습니다. 그렇지만 아직도 HTTPS를 사용하지 않는 웹 사이트와 클라이언트는 존재합니다.?이번 글에서는?브라우저가 웹 서버와 통신 시, 무조건 HTTPS 통신을 할 수 있도록 수행하는 HSTS 기술에 대해 알아보겠습니다.",https://yozm.wishket.com/magazine/detail/1862/,https://yozm.wishket.com/media/news/1862/fly-d-mT7lXZPjk7U-unsplash.jpg,테크유람,보안
82,"개발자 컨퍼런스, 어떻게 잘 즐길 수 있을까?",2023.01.10.,"개발자로 일하다 보면 한 번쯤은 개발 컨퍼런스 소식을 접하게 되며, 때론 연사의 입장으로 컨퍼런스에 참여하는 경우도 있습니다. 이번 글에서는 참석자로서 개발 컨퍼런스를 잘 즐기기 위한 방법에 대해 참여 준비, 참여, 회고까지 3단계로 나누어 살펴보겠습니다. (*컨퍼런스 이외에도 세미나, 워크샵, 포럼, 학회, 밋업 등 세부 상황에 따라 이름은 다르지만, 이 글에서는 컨퍼런스로 통일해 사용했습니다.)",https://yozm.wishket.com/static/renewal/img/news/icon-popularity.png,https://yozm.wishket.com/media/news/1858/image001.png,애옹킴,구축
83,"키워드로 살펴보는 2022 보안 사고: ①공통, 기술 분야",2023.01.06.,"2022년 사이버 보안은 랜섬웨어,?인공지능,?국가안보,?가상화폐라는 4가지 키워드로 정리할 수 있다. 사이버 환경의 혼란 속에서도 인공지능,?클라우드,?블록체인 등 차세대 기술을 통해 많은 사람들이 보안 이슈 해결에 노력하고 있지만,?개인정보 침해 같은 인공지능 윤리 문제가 계속 제기되면서 사이버 생태계는 점점 더 얼어붙고 있다.?이와 관련해 총 2편에 걸쳐 2022년 보안 사고를 대표하는 4가지 키워드를 살펴보고,?사이버 보안을 강화할 수 있는 방안을 모색하고자 한다.",https://yozm.wishket.com/magazine/detail/1855/,https://yozm.wishket.com/media/news/1855/image001.png,김보안,트리
84,??안전한 웹을 위해?HTTPS 이해하기: ①HTTPS의 작동 원리,2023.01.04.,"웹에서는 내가 원하는 정보를 열람하는 것뿐만 아니라, 내가 입력한 정보를 웹 사이트를 운영하는 회사의 시스템으로 전달하는 경우도 많습니다. 예를 들어, 포털 사이트에 내 계정 정보를 입력하고 로그인하거나, 은행 사이트에 접속하여 계좌 정보를 조회해 이체하는 경우가 이에 해당합니다. 이때 웹에서 정보를 보호하기 위한 가장 기본적인 기술이?HTTPS라고 할 수 있습니다.?이번 글에서는?HTTPS가 어떤 보안 기술로 브라우저와 웹 서버 사이의 통신을 지킬 수 있는지 알아보겠습니다.",https://yozm.wishket.com/static/renewal/img/news/icon-popularity.png,https://yozm.wishket.com/media/news/1852/image007.jpg,테크유람,개발
85,"웹 호환성 문제, 구버전 브라우저에선 어떻게 지원할까?",2022.12.30.,"해외여행을 가면 종종 전압이 달라 맞는 어댑터를 구비하곤 합니다. 110V 콘센트에 220V 코드를 꽂을 수 없는 것처럼 호환성은 중요한 문제입니다. 이를?웹 개발에 비유하면 크롬, 엣지, 파이어폭스 등의 브라우저는 모두 다른 콘센트를 가지고 있습니다. 프론트엔드 개발자는 이러한 브라우저의 차이를 인지하고, 웹페이지가 원활하게 기능을 제공할 수 있도록 준비해야 합니다. 웹 호환성은 어떤 기기나 브라우저에서든 원활한 서비스를 제공하겠다는 원칙과도 같습니다. 각각의 브라우저는 CSS 속성, 자바스크립트 문법, 브라우저 API에 따라 조금씩 차이를 보이는데요. 이번 글에서는 구버전 브라우저에서도 실행할 수 있는 자바스크립트 웹 호환성 지원 방법을 살펴보겠습니다.",https://yozm.wishket.com/magazine/detail/1848/,https://yozm.wishket.com/media/news/1848/image001.jpg,후렌치파이,안드로이드
86,주니어 개발자가 퇴사 후 공부한 것들,2022.12.27.,"흔히 개발자는 이직이 쉽다고들 말한다.?다른 직군에 비해 채용공고가 많이 보이는 것도 사실이다.?하지만 주니어 개발자에겐 쉽지 않은 일이다.?막상 이직을 시도해보면 장벽이 꽤 높다는 것을 알 수 있다.?가장 큰 장벽은 바로 면접이다.?필자는 스타트업에서 1년을 일한 후,?좀 더 큰 규모의 프로젝트를 경험해보고 싶어 이직을 시도했지만 면접에서 어려움을 겪었다.?그래서 계속 이직을 시도하기보다는 퇴사 후 공부하는 기간을 갖기로 결심했다.",https://yozm.wishket.com/static/renewal/img/news/icon-popularity.png,https://yozm.wishket.com/media/news/1842/afra-ramio-0R2lOqibKgA-unsplash.jpg,zwoo,개발자
87,나쁜 자바스크립트 작성 습관과 작별하기,2022.12.22.,"멋진 프로그래밍의 세계로 첫걸음을 내디딜 때,?우리가 하는 일이 수백만 명의 사람들에게 어떤 영향을 주는지 직접 확인하게 됩니다.?프로그래밍 덕분에 많은 사람들의 일이 단지 몇 개의 키를 누르는 것으로 해결되고 있습니다.?이것은 마법 같은 일입니다. 프로그래밍 세계에서 우리가 맡은 큰 책임은 쉽게 테스트할 수 있고,?오랫동안 유지 보수할 수 있는 코드를 작성하는 것입니다. 하지만 프로그래밍에는 우리가 작성하는 코드와 최종적으로 출시한 제품에 나쁜 영향을 주는 몇 가지 습관이 있습니다.?저는 이러한 문제들을 직접 경험해봤기 때문에 이 습관들을 왜 지양해야 하는지에 대해 공유하고자 합니다.",https://yozm.wishket.com/static/renewal/img/news/icon-popularity.png,https://yozm.wishket.com/media/news/1836/image005.png,요즘IT의 번역글들,프로그래밍
88,2022 회고와 2023년 개발 트렌드 (feat.?미국 대학 석사),2022.12.20.,"다사다난 했던 2022년이 저물어가고,?어느덧 2023년이 다가오고 있습니다.?개인적으로 2022년은 정신없이 지나간 한 해였던 것 같은데요.?잠시 숨을 고르며,?이번 글을 통해 지난 한 해 개발 업무를 회고하고 2023년 웹 모바일 분야의 개발 트렌드를 점검해볼까 합니다.?아울러,?개발자로서 2023년에는 어떤 방향으로 성장해 나아갈지에 대해서도 정리해보았습니다.",https://yozm.wishket.com/static/renewal/img/news/icon-popularity.png,https://yozm.wishket.com/media/news/1833/image001.png,곰씨네 IT 블로그,캐시
89,?시큐어 코딩의 의미와 실천 방안: ②시큐어 코딩 점검 유형,2022.12.19.,"시큐어 코딩(secure coding)은 소프트웨어 개발 시 안전한 코드를 제작한다는 의미입니다. 또한 해킹을 비롯한 사이버 공격의 대상이 될 수 있는 소프트웨어의 보안 약점을 출시 이후가 아닌, 개발 단계에서 사전에 제거하는 일련의 보안 활동을 말합니다. 이번 글에서는 시큐어 코딩의 대표적인 7개 유형을 통해 어떻게 보안 측면에서 안전한 코드를 만들 수 있는지 알아보겠습니다.",https://yozm.wishket.com/magazine/detail/1832/,https://yozm.wishket.com/media/news/1832/image001.jpg,테크유람,보안
90,다음 11가지 언어들은 여전히 살아있나요?,2022.12.15.,"4년 전,?기업가이자 라이프 코치인 Flavian Mwasi는 11개의 프로그래밍 언어가 수명을 다했다는 내용의 글을 게시했습니다.?여러분은 오늘 소개할 11개의 프로그래밍 언어 중 몇 개를 알고 계시나요? 오늘날까지 이어온?프로그래밍 언어의 역사에서 우리는 사라져 버린 언어에 대한 애도보다는,?온고지신의 정신으로 미래를 향해 나아가야 합니다.?그리고 이러한 11개의 초창기 프로그래밍 언어가 현대 프로그래밍 언어 진화에 어떤 영향을 미쳤는지 확인해 볼 것입니다.",https://yozm.wishket.com/magazine/detail/1828/,https://yozm.wishket.com/media/news/1828/image001.png,요즘IT의 번역글들,웹 서버
91,파이썬 스트림릿으로 데이터 대시보드 만들기,2022.12.14.,"요즘 업무를 하다 보면 데이터 관련 단어들을 자주 듣습니다. 특히 데이터 리터러시란 말을 들어본 분들도 있을 것 같습니다. 정의는 상황마다 조금 다를 수 있지만, ‘현재의 상황을 파악하고, 객관적인 근거의 데이터를 기반으로 성장을 추구한다’는 맥락입니다. 데이터 리터러시의 목적은 크게 보면 조직의 이익 성장에 기여하는 것이지만, 줄여서 보면 데이터를 활용한 데이터 대시보드를 만드는 것으로 볼 수 있습니다. 이번 글에선?데이터 직군이 아니더라도 데이터를 접하며, 비교적 쉽게 따라해 볼 수 있는 파이썬 스트림릿(streamlit)으로 데이터 대시보드 만드는 방법을 살펴보겠습니다.",https://yozm.wishket.com/magazine/detail/1827/,https://yozm.wishket.com/media/news/1827/스트림릿_섬네일.jpg,애옹킴,신입
92,?시큐어 코딩의 의미와 실천 방안: ①시큐어 코딩이란?,2022.12.12.,"시큐어 코딩(secure coding)은 소프트웨어 개발 시 안전한 코드를 제작한다는 의미입니다. 또한?해킹을 비롯한 사이버 공격의 대상이 될 수 있는 소프트웨어의 보안 약점을 출시 이후가 아닌,?개발 단계에서 사전에 제거하는 일련의 보안 활동을?말합니다. 이는?개발 단계뿐만 아니라 소프트웨어 개발 생명 주기의 단계별로 정해진 보안 활동을 수행하여,?결과적으로 안전한 소프트웨어를 개발 및 운영하기 위한?것입니다.",https://yozm.wishket.com/magazine/detail/1822/,https://yozm.wishket.com/media/news/1822/image001.jpg,테크유람,시큐어코딩
93,2023년 최고의 노코드 개발 도구,2022.12.08.,"앱을 만들고 있지만, 필요한 프로그래밍 전문 지식은 부족해 걱정이신가요??그렇다면 이번 글에서 최고의 노코드 개발 도구에 대해 살펴볼 예정이니 참고하시길 바랍니다. 노코드 도구를 사용하기 위해 해야 할 일은 클릭,?스크롤 및 끌어서 놓기 뿐입니다.?우리는 이러한 노코드 도구를 사용하여 원하는 것을 만들 수 있습니다.",https://yozm.wishket.com/static/renewal/img/news/icon-popularity.png,https://yozm.wishket.com/media/news/1819/image001.jpg,요즘IT의 번역글들,노코드
94,"모놀리식 vs 마이크로서비스, 어떤 아키텍처를 선택할까?",2022.12.02.,"모놀리식 애플리케이션은 소프트웨어 개발을 위한 기본 접근 방식이다. 그렇다면 마이크로서비스가 대세가 된 현재 모놀리식 접근 방식을 버려야 할까? 만약 모놀리식 애플리케이션에서 마이크로서비스로 전환하면 어떤 이점이 있을까? 마이크로서비스로 애플리케이션을 만들면 비즈니스의 이점은 무엇일까? 이번 글에서는 모놀리식과 마이크로서비스 아키텍처를 비교하여 장단점을 살펴보고, 비즈니스에 적합한 소프트웨어 아키텍처를 선택하는 방법에 대해 알아보자.",https://yozm.wishket.com/magazine/detail/1813/,https://yozm.wishket.com/media/news/1813/220922_요즘it-썸네일-001__4_.png,주길재,개발자
95,[여기보기] WAS?프로세스가 다진 마음은 루트와 헤어질 결심,2022.12.05.,"WAS?프로세스를 보호하려면 관리자 계정으로 구동하지 말아야 합니다.?이는 프로세스의 실행 계정이나 그룹이 root나 Administrator여서는 안 된다는 뜻입니다.?여기에서는 윈도우의 IIS(Internet Information Services),?아파치 HTTP?서버(Apache HTTP Server),?톰캣(Tomcat), 엔진엑스(NGINX),?스프링 부트(Spring Boot), Node.js의 여섯 가지 WAS에서 root?이외의 계정으로 프로세스를 실행하는 방법을 살펴봅니다.?또한 주요 프로세스의 소유권을 바꾸는 방법도 함께 살펴봅니다.",https://yozm.wishket.com/magazine/detail/1811/,https://yozm.wishket.com/media/news/1811/image001.png,넷마블 기술 블로그,WAS
96,"[여기보기] Cron과 At이 주는 자유를 위해,?실행 권한을 점검하라",2022.12.09.,"랜섬웨어나 멀웨어는 보통 침투 시점과 실제 동작하는 시점이 분리돼 있습니다.?동작 트리거로 시간 조건을 사용할 때 이 두 명령어를 활용합니다.?서버에 기본으로 설치돼 있는 명령어이므로 간편하게 실행할 수 있기 때문이죠.?만약 서버 안에서 동작할 예약 작업이 없다면,?이 두 기능 모두를 제거하는 것도 하나의 방법일 수 있습니다.?하지만 써야 하는 경우는 필연적으로 생기기 마련이므로,?허가된 사용자만 이를 실행할 수 있도록 점검하는 것이 좋습니다.",https://yozm.wishket.com/magazine/detail/1810/,https://yozm.wishket.com/media/news/1810/8821553_3995202.jpg,넷마블 기술 블로그,랜섬웨이
97,WSL2보다 더 간단하게 구축하는 멀티패스와 도커 개발 환경,2022.11.28.,"얼마 전,?도커?데스크톱?없이?구축하는 WSL2와?도커?개발?환경글을 보다가?멀티패스에서도 이 같은 방법으로 도커를 쓸 수 있으리라는 생각이 들었습니다.?아니나 다를까,?멀티패스에는 모든 것이 이미 준비돼 있었습니다. 멀티패스가 어색하신 분들도 계시므로,?간략한 해설을 추가해서 도커 개발 환경 구축 방법을 공유합니다.?이하 내용은 WSL2에 대칭되는 부분에 멀티패스를 넣는 만큼,?윈도우 환경을 기준으로 하겠습니다. (맥이나 리눅스에서도 초기 설정 방법은 크게 다르지 않습니다.)",https://yozm.wishket.com/magazine/detail/1806/,https://yozm.wishket.com/media/news/1806/220922_요즘it-썸네일-001__1_.png,넷마블 기술 블로그,효율
98,DOM?트리를 트리 자료구조로 바라보기,2022.11.24.,"HTML은 인터넷 브라우저를 위해 만들어진 파일 포맷이며,?브라우저는 HTML?문서의 태그를 인식해 사용자가 볼 수 있도록 적절하게 그려내는 기능을 가지고 있다.?브라우저는 HTML?문서를 읽을 때,?각 태그 요소들을 추출해서 나무 형태로 재조립한다.?이렇게 만들어진 나무를 DOM?트리라고 부르며,?트리는 자료구조의 일종이다.?오늘은 이러한 DOM?트리를 트리 자료구조의 측면에서 살펴보고자 한다.",https://yozm.wishket.com/magazine/detail/1803/,https://yozm.wishket.com/media/news/1803/image003.png,zwoo,도커
99,"개발팀 퇴근시간을 앞당겨줄 Git, Github 팁",2022.11.21.,베테랑 개발자로 유명한 조엘 스폴스키는 사람이 일에 몰입하는데 걸리는 시간이 약 15분이라고 말합니다. 그리고 개발자는 평균 11분을 못 넘기고 몰입을 방해받는다고 합니다. 하루 종일 일을 하더라도 실제 몰입할 수 있는 시간은 많지 않다는 이야기입니다. 그렇지만 회사에는 몰입을 방해한다고 미뤄서는 안 될 일들이 있습니다. 이 글에서는 개발자들의 협업 중 일어날 수 있는 일을 중심으로 깃(Git) 과 깃허브(Github)가 문제 해결에 어떤 도움을 줄 수 있는지 알아보겠습니다.,https://yozm.wishket.com/magazine/detail/1796/,https://yozm.wishket.com/media/news/1796/NEW1.png,후렌치파이,활용
100,안드로이드 코루틴의 개념과 사용법,2022.11.18.,"코루틴(Coroutine)은 일종의 가벼운 스레드(Light-weight thread)로 동시성(Concurrency)?작업을 간편하게 처리할 수 있게 해주는 역할을 합니다.?안드로이드 개발에서는 코틀린 코루틴(Kotlin Coroutine)을 통해 UI?스레드가 중단되는 문제를 효율적으로 처리할 수 있는데요.?이번 글에서는 코루틴에 대한 기본 개념을 알아보고,?안드로이드에서의 코틀린 코루틴 사용 방법과 안티 패턴(Anti-Pattern)을 정리해보았습니다.",https://yozm.wishket.com/magazine/detail/1793/,https://yozm.wishket.com/media/news/1793/image001.jpg,곰씨네 IT 블로그,개발자
101,CTO는 어떤 일을 하나요?,2022.11.17.,"CTO의 역할에 대해서는 많은 공방과 토론이 있습니다. 예를 들면 CTO가 코드를 작성하는지, CTO의 업무 일정이 제작자로서의 일정인지 아니면 관리자로서의 일인지, 더불어 CTO가 인터뷰에 참여하는지와 같은 경우입니다. 본문을 통해 CTO는 조직에서 어떤 일을 해야 하는지, CTO의 역할에 대해 살펴보도록 하겠습니다.",https://yozm.wishket.com/magazine/detail/1791/,https://yozm.wishket.com/media/news/1791/image001.gif,요즘IT의 번역글들,압축
102,Data-Driven하게 일하는 법,2022.11.11.,"최근 ‘데이터 드리븐(Data-Driven)’을 추구하는 회사가 늘어나고 있습니다. 쿠팡처럼 데이터 드리븐으로 성공한 케이스가 나오고, 여러 매체에 관련 단어가 자주 노출되면서 기업 성공의 필수 요소처럼 느껴졌기 때문입니다. 그렇지만 ‘데이터가 중요하다’라는 것만 알뿐, 정작 ‘데이터 드리븐하다’라는 것이 무엇인지 명확하게 잘 모르는 경우가 많습니다. 이번 글에서는 데이터 드리븐이란 무엇이고 데이터를 중심으로 일하려면 어떻게 해야 하는지 알아보겠습니다.",https://yozm.wishket.com/magazine/detail/1785/,https://yozm.wishket.com/media/news/1785/image001.png,freak analyst,인터뷰
103,CORS가 캐시를 만났을 때,2022.11.14.,개발자라면 한 번쯤 CORS(Cross-Origin Resource Sharing)?정책 위반 에러를 경험하게 됩니다.?대부분 CORS?헤더를 추가하는 것만으로 해결할 수 있습니다.?다만 캐시를 사용할 경우 예상치 못한 상황을 경험할 수 있습니다.?어떤 문제들이 있고 어떤 식으로 해결할 수 있을지 살펴보겠습니다.,https://yozm.wishket.com/magazine/detail/1782/,https://yozm.wishket.com/media/news/1782/image001.jpg,화해팀,스크럼
104,기업이 IT 보안을 위해 꼭 준비해야 하는 보안 시스템,2022.11.10.,"다양한 IT 보안 위협 중 특히 웹 애플리케이션 공격과 디도스 공격으로부터 데이터 센터를 보호하기 위한 기본 보안 시스템이 세 가지가 있습니다. 셋 다 역할은 비슷하지만, 기능과 쓰임새는 각각 다릅니다. 오늘은 세 가지 보안 시스템의 각기 다른 역할과 어떻게 조합해서 사용할 수 있는지를 알아보겠습니다.",https://yozm.wishket.com/magazine/detail/1781/,https://yozm.wishket.com/media/news/1781/220922_요즘it-썸네일-001__25_.png,테크유람,인터뷰
105,웹 서버와 WAS(Web Application Server),2022.11.09.,"웹 서버는 정적인 데이터를 처리하는 서버입니다.?이미지나 단순 html?같은 정적인 리소스들을 전달하며, WAS만을 이용할 때보다 빠르고 안정적으로 기능을 수행합니다. 반면 WAS는 동적인 데이터를 위주로 처리하는 서버입니다. DB와 연결되어 사용자와 데이터를 주고받고,?조작이 필요한 경우 WAS를 활용합니다.",https://yozm.wishket.com/magazine/detail/1780/,https://yozm.wishket.com/media/news/1780/220922_요즘it-썸네일-001__23_.png,pxd Story,안전
106,신입 개발자를 위한 완벽한 온보딩 가이드,2022.11.08.,"관리자로서 신입 개발자가 회사 문화에 적응하고, 새로운 역할을 성공적으로 수행할 수 있도록 돕는 것은 여러분의 몫입니다. 신입 개발자의 첫 출근 시점부터 이들의 발전을 위해 투자하면 조직에서 장기적인 성공을 거둘 수 있습니다. 이를 위해 가장 좋은 방법은 개발자 온보딩(Onboarding) 가이드를 세우는 것입니다. 제대로 설계된 온보딩 가이드를 따른다면, 신입 개발자가 새로운 역할에 적응하고 조직에서 성공하도록 도울 수 있습니다.",https://yozm.wishket.com/magazine/detail/1778/,https://yozm.wishket.com/media/news/1778/bottom-view-plan-written-black-notepad-lupa-keyboard-binder-clip-pen-black-background.jpg,요즘IT의 번역글들,랜섬웨어
107,도커 데스크톱 없이 구축하는 WSL2와 도커 개발 환경,2022.11.07.,"도커 데스크톱은 단순히 설치와 환경 설정 편의만을 위한 프로그램이 아닙니다.?개발과 운영을 위해 필요한 많은 요소를 품고 있습니다.?그럼에도 불구하고,?이런저런 사정이 엮여 도커 데스크톱을 쓰긴 힘들고 도커 엔진이면 충분하신 분들이 계시리라 생각합니다.?그분들께 WSL2와 도커 엔진을 엮어 네이티브 도커처럼 쓰는 방법을 공유합니다.",https://yozm.wishket.com/magazine/detail/1776/,https://yozm.wishket.com/media/news/1776/220922_요즘it-썸네일-001__16_.png,넷마블 기술 블로그,데이터
108,Etag를 이용하여 더 나은 Restful API 만들기,2022.11.04.,요즘 웹 개발자라면 Restful API를 한 번쯤 다뤄본 경험이 있을 것입니다. HTTP 사양의 주요 저자 이자 REST를 세상에 처음 알린 ‘로이 필딩(Roy Fielding)이 주장하는 REST 아키텍처 구성요소는 잘 몰라도 HTTP를 이용해 원하는 데이터를 URI로 호출하여 JSON 등의 문서 포맷으로 데이터를 주고받는다는 내용은 알고 있을 정도니까요.,https://yozm.wishket.com/magazine/detail/1772/,https://yozm.wishket.com/media/news/1772/image003.png,Jay Ahn,웹
109,영리한 개발자와 현명한 개발자의 차이점,2022.11.03.,"대부분의 개발자는 코드 작성에 있어서는 영리하지만, 여러 상황에서 영리함은 강점이자 약점일 수 있습니다. 상식과 물정에 밝고 경험이 풍부하다면, 개발자가 문제를 해결하기보다 피하는 데 도움이 될 수 있습니다. 언제 코드가 필요한지, 언제 요구 사항을 거부해야 할지를 알기 때문입니다. 침묵할 때, 싸울 때, 도망가서 숨을 때를 알기 때문에 현명한(시니어) 개발자는 영리한(주니어) 개발자보다 유리합니다.",https://yozm.wishket.com/magazine/detail/1769/,https://yozm.wishket.com/media/news/1769/image001.jpg,요즘IT의 번역글들,랜섬웨어
110,[여기보기] 누구나 아는 기본 계정명은 비밀이 아니다,2022.10.31.,"기본 계정명과 패스워드를 유지했다가 관리자 콘솔의 정보가 유출되는 경우 WAS와 관련된 모든 권한이 노출되어 대규모 보안 사고가 발생할 수 있습니다. 기본 계정명은 그대로 두고 패스워드만 바꿀 때도 ‘무작위 대입 공격’ 등으로 패스워드를 비교적 쉽게 알아낼 수 있으므로 보안 사고가 발생할 가능성이 높습니다. 그래서 우분투와 아파치 톰캣(Apache Tomcat, 이하 톰캣)을 기반으로 관리자 콘솔의 기본 보안 관리 방법을 살펴보겠습니다.",https://yozm.wishket.com/magazine/detail/1765/,https://yozm.wishket.com/media/news/1765/image001.png,넷마블 기술 블로그,개발자
111,RxJS 한번 배워보실래요?,2022.10.24.,"RxJS를 배우고 있거나 처음인 분들을 위해 어려운 개념들에 대해 조금 더 이해를 높일 수 있는 중요한 내용들을 한번 적어보았습니다. RxJS의 강의나 교과서적인 내용보다는 개인적으로 RxJS를 이해하고 나서 알게 된 인사이트를 바탕으로 재해석한 글입니다. 지금 RxJS를 공부 중인 개발자에게 조금 더 와닿을 것 같으며, 아예 모르는 분들은 그냥 흥미로 읽어도 괜찮습니다.",https://yozm.wishket.com/magazine/detail/1753/,https://yozm.wishket.com/media/news/1753/image027.png,테오의 프론트엔드,Java
112,효율적인 JUnit 사용 방법과 유용한 팁,2022.10.20.,"소프트웨어 개발에서 있어서 단위 테스트(Unit Testing)는 중요한 절차입니다. 소프트웨어의 각 유닛(Unit)을 테스트하고, 전반적인 프로젝트 생산성과 유지 보수에 영향을 미치기 때문이죠. 이와 관련하여 이번 글에서는 테스트 주도 개발과 단위 테스트에 대해 간단히 알아보고, 자바 프로젝트에서 사용되는 단위 테스트 도구인 JUnit의 사용 방법과 유용한 팁을 정리해보았습니다.",https://yozm.wishket.com/magazine/detail/1748/,https://yozm.wishket.com/media/news/1748/image001.png,곰씨네 IT 블로그,개발자
113,명탐정 ‘크롬 개발자 도구’의 성능 추리,2022.10.19.,"버그를 잡기 위해 원인부터 찾듯이, 성능 개선 역시 원인인 병목 지점을 찾는 것부터 시작합니다. 이때 크롬 개발자 도구의 성능 탭은 매우 유의미한 인사이트를 제공합니다. 성능 악화 원인으로 짐작 가는 함수의 시작과 끝에 console.log를 추가하거나 재래식으로 소요 시간을 측정하고 있었으면 이 글을 통해 쓸모 있는 성능 개선 방법을 살펴보시기를 바랍니다.",https://yozm.wishket.com/magazine/detail/1746/,https://yozm.wishket.com/media/news/1746/image005.png,후렌치파이,버그
114,모든 개발자가 시스템 디자인을 배워야 하는 이유,2022.10.19.,"우리는 인터넷과 항상 연결된 기기들에 의존하는 세상에 살고 있습니다. 손목시계, 조명 시스템 또는 스마트 냉장고 등 주변의 수많은 기기가 클라우드와 연결되어 있으며, 휴대폰의 앱과도 바로 연동됩니다. 이 기사를 읽는 것만 해도 와이파이 또는 데이터 기반의 인터넷이 없으면 불가능하죠. 이러한 기능들을 가능하게 해주는 서비스들은 모두 분산 시스템 덕분에 존재합니다.",https://yozm.wishket.com/magazine/detail/1745/,https://yozm.wishket.com/media/news/1745/image001.jpg,요즘IT의 번역글들,스마트
115,Git 200% 활용하기,2022.10.18.,"동료들과 협업하며 알게 된 사실은, 생각보다 Git 커맨드를 제한적으로 사용하는 사람들이 많다는 사실이었다. 각각의 이유가 있지만, 그럼에도 Git 커맨드들을 다양하게 활용하지 못하는 것이 아쉬웠다. 이번 글에서는 직접 사용해본 유용한 Git 커맨드들을 브랜치의 생명주기를 따라 살펴보고, 각 커맨드들이 존재하는 맥락에 관해서 이야기해보겠다.",https://yozm.wishket.com/magazine/detail/1743/,https://yozm.wishket.com/media/news/1743/image001.png,zwoo,Git
116,주니어 개발자에서 미드레벨 개발자로 도약하기 위한 7단계,2022.10.17.,"저는 지난 4년간 소프트웨어 엔지니어로 경력을 쌓았으며, 제가 의뢰받은 작업 수준을 보면 이제 미드레벨 개발자에 속합니다. 어떻게 미드레벨 개발자까지 성장할 수 있었을까요? 제가 성장하면서 경험한 것들을 7개의 핵심 포인트로 정리해 봤습니다.",https://yozm.wishket.com/magazine/detail/1740/,https://yozm.wishket.com/media/news/1740/220922_요즘it-썸네일-001__11_.png,요즘IT의 번역글들,웹 개발자
117,Brotli 압축 알고리즘으로 웹사이트 속도 올리기,2022.10.14.,"우리가 사용하는 웹사이트는 웹 페이지의 크기가 크면 클수록 로딩 속도가 느려집니다. 로딩속도를 빠르게 하기 위해서 여러 방법이 존재하는데, 그중 하나가 파일 압축을 통해 전송되는 웹 페이지 파일의 크기 자체를 줄이는 방법입니다. 이번 글에서는 Brotli 압축 알고리즘으로 파일 크기 줄이는 방법을 알아보겠습니다.",https://yozm.wishket.com/magazine/detail/1739/,https://yozm.wishket.com/media/news/1739/image001.jpg,jiwon.me,로딩
118,좋은 팀 구성 및 개발 문화 조성의 중요성,2022.10.14.,"팀 효율성은 1970년대에 팀을 연구하기 시작한 조직 행동 분야의 선구자인 ‘리처드 해크먼(J. Richard Hackman)’에 의해서 확인되었다. 협업에서 가장 중요한 것은 팀원의 성격, 태도와 같은 행동에 대한 스타일이 아니고 특정 ‘가능 조건’이 있어야 팀이 번성할 수 있다고 한다. 이 관점에서 팀 빌딩을 하고 개발 문화를 조성하기 위해 접근하였다.",https://yozm.wishket.com/magazine/detail/1738/,https://yozm.wishket.com/media/news/1738/image-2.png,주길재,개발자
119,"[인터뷰] 김범호 브레인즈컴퍼니 개발자 “바보 같은 질문을 스스럼없이 할 수 있는, 용기 있는 사람을 기다립니다!”",2022.10.12.,"오늘 인터뷰는 IT 인프라 통합관리 소프트웨어 개발·판매 전문 기업 '브레인즈컴퍼니'의 김범호 개발자입니다. 브레인즈컴퍼니는 IT 인프라 통합관리 소프트웨어 ‘제니우스(Zenius)'를 서비스하고 있으며, 아시아에서 가장 효율적이고 혁신적인 지능형 IT 인프라 솔루션을 공급하는 것이 목표입니다.",https://yozm.wishket.com/magazine/detail/1732/,https://yozm.wishket.com/media/news/1732/220922_요즘it-썸네일-001__9_.png,요즘IT,개발자
120,스크럼이 개발자를 괴롭히는 9가지 이유,2022.10.07.,"지금 전 세계에는 “팀 단위에서 스스로 어떤 업무를 언제까지 할 건지 결정하라”라고 외치는 스크럼 트레이너, 애자일 코치, 스크럼 마스터라고 불리는 사람들이 넘쳐납니다. 하지만 스크럼 팀에 소속된 개발자들이 겪는 현실은 이상과 아주 다릅니다. 그들은 아직도 고통받고 있습니다. 사실 상당수의 개발자는 지금이 스크럼 이전 시대와 아무것도 다를 게 없다던지, 오히려 더 힘들다고 불평합니다. 왜 그럴까요? 본격적으로 스크럼이 개발자를 고통받게 하는 9가지 이유를 소개하겠습니다.",https://yozm.wishket.com/magazine/detail/1728/,https://yozm.wishket.com/media/news/1728/image001.jpg,요즘IT의 번역글들,팀업
121,[인터뷰] 윤필립 알고케어 개발 리더 “주체적인 동료들과 미래의 알고케어를 만들어 나가고 싶습니다”,2022.10.05.,"이번 인터뷰의 주인공은 국내 최초 토탈 헬스케어 솔루션 기업 '알고케어'의 윤필립 개발 리더입니다. 알고케어는 전 국민의 쉽고 편한 통합 건강 관리를 목표로, 인공지능 기반의 1:1 개인맞춤 영양관리 서비스 '나스(NaaS, Nutrition as a Service)'를 개발해 제공하고 있습니다.",https://yozm.wishket.com/magazine/detail/1723/,https://yozm.wishket.com/media/news/1723/image005.jpg,요즘IT,자동
122,안전한 업캐스팅을 통해 더 안전한 코드작성을 도와주는 새로운 키워드 ‘satisfies’,2022.09.30.,"TypeScript 4.9 Iteration Plan이 공개되면서 이제 9월 20일부터 ‘타입스크립터(TypeScript) 4.9 Beta 버전’을 사용할 수 있게 됩니다. 이번 릴리즈에서 개인적으로 가장 기대하는 기능은 바로 ‘satisfies’ 키워드입니다. 이 글에서는 이 키워드가 무엇이고, 왜 필요하고, 어떤 문제를 해결하는지에 대해서 서술하고자 합니다.",https://yozm.wishket.com/magazine/detail/1717/,https://yozm.wishket.com/media/news/1717/image.png,AB180 엔지니어링 베이스,프론트
123,"랜섬웨어, 뭣이 중헌디: ② 랜섬웨어와 맞서 싸우기",2022.09.29.,이전 글에서 랜섬웨어의 주요 기능과 범죄자금을 최대화하기 위한 해커들의 공격 패러다임의 변화를 설명했다. 이번 편에서는 랜섬웨어라는 공격에 맞서서 ‘지피지기 백전불태(知彼知己 百戰不殆)’하기 위한 대응방안에 관해서 설명할 예정이다.,https://yozm.wishket.com/magazine/detail/1715/,https://yozm.wishket.com/media/news/1715/image001.png,김보안,집합
124,Mocking으로 프론트엔드 DX를 높여보자,2022.10.05.,웹 프론트엔드 개발을 하면 자연스럽게 서버에서 제공되는 API를 이용해서 정보를 받아오거나 정보를 보내서 응답을 받은 후에 액션을 처리하는 작업을 하게 됩니다. 이와 같은 작업을 진행할 때 이미 API 스펙이 잘 정리되고 구현이 완료된 상황이라면 UI를 구현하면서 바로 API로 받아온 정보를 화면에 표시할 수 있습니다. 또 유저 액션에 대해서 API 요청 후 응답에 대한 리액션도 바로 구현할 수 있을 것입니다.,https://yozm.wishket.com/magazine/detail/1711/,https://yozm.wishket.com/media/news/1711/image001.jpg,화해팀,인터뷰
125,데이터 분석가에게 코딩테스트가 필요할까?,2022.09.26.,"최근 개발자 교육 붐이 불면서, 이른바 ‘코딩’이라고 뭉뚱그려 표현하는 개발 기술들을 배우는 학원이 많아졌습니다. 이러한 인재들이 자신들이 배운 걸 확인하기 위해 한 번쯤 꼭 거치는 단계가 있는데, 바로 ‘코딩테스트’입니다. 많은 사람을 대상을 교육의 효과 및 역량을 확인할 수 있는 가장 효율적인 방법이 답이 정해져 있는 시험이기 때문입니다. 사실 개발자 관점에서의 코딩테스트에 대한 글은 이미 많은 ‘구루’ 개발자분들이 다루고 있습니다. 그래서 이번 글에서는 비개발용 언어를 업무에서 주로 활용하는, 데이터 분석가의 코딩테스트를 이야기해보겠습니다.",https://yozm.wishket.com/magazine/detail/1708/,https://yozm.wishket.com/media/news/1708/image011.png,애옹킴,소프트웨어
126,빠른 웹 사이트를 만들기 위해 알면 좋은 ‘세 가지 원리’,2022.09.23.,웹 개발자들이라면 요구 사항에 맞게 기능과 UI/UX를 정해진 프로젝트 일정 내에 개발하는 것에 집중합니다. 그러다 보니 사이트의 로딩 속도에 대해선 크게 관심을 두지 않는 편입니다. 그렇지만 속도가 느린 웹 사이트에 접속한 사용자 이탈률은 매우 높습니다. 그럼 웹 개발자의 입장에서 어떻게 하면 동일한 기능과 UI를 유지하면서 더욱 빠른 웹 사이트를 만들 수 있을까요? 대표적인 세 가지 원리를 알아보겠습니다.,https://yozm.wishket.com/magazine/detail/1705/,https://yozm.wishket.com/media/news/1705/220922_요즘it-썸네일-001__2_.png,테크유람,자바스크립트
127,랜섬웨어 뭣이 중헌디: ①돈과 데이터 사냥꾼 랜섬웨어,2022.09.22.,"랜섬웨어의 강렬한 존재감은 비단 2017년에 국한된 것이 아니다. 지금까지도 공공, 금융, 제조, 통신, 교육 등 다양한 산업분야에서 랜섬웨어로 인한 피해규모가 매년 사상 최고치에 육박하고 있다. 랜섬웨어를 피하기 위해서는 철저한 대비가 필요하다. 이를 위해 총 2편에 걸쳐 랜섬웨어의 공격 양상과 대응방안에 관한 설명을 진행하고자 한다.",https://yozm.wishket.com/magazine/detail/1704/,https://yozm.wishket.com/media/news/1704/image001.png,김보안,데이터
128,개발자에게 물어봤습니다: ① 함께 일하고 싶은 개발자,2022.09.21.,이번 시리즈에서는 다양한 직무와 협업하는 IT 기업 직장인 중에서 개발자가 함께 일하고 싶어 하는 동료에 대해 다루고자 합니다. 오늘은 그중에서 개발자가 생각하는 ‘함께 일하고 싶은 개발자'에 대해 살펴볼 예정입니다. 여러 의견을 듣기 위해 2년 차 개발자부터 10년 차 개발자까지 총 8명의 개발자와 인터뷰를 진행해 보았습니다. 과연 개발자는 어떤 개발자와 함께 일하고 싶어 할까요?,https://yozm.wishket.com/magazine/detail/1702/,https://yozm.wishket.com/media/news/1702/sdqas.png,호박너구리,협업
129,자바 빌드 도구 ‘Gradle’의 특징과 사용 팁,2022.09.20.,"자바 프로젝트를 진행하다 보면 다양한 빌드 도구(Build Tool)를 접하게 됩니다. 이번 글에서는 자바 프로젝트에서 사용되는 빌드 도구의 종류와 차이점을 살펴보고, 그중에서도 최근에 주로 사용되고 있는 ‘그래들(Gradle)’의 사용 방법과 팁을 간단히 알아볼까 합니다. 적절한 빌드 도구의 활용은 프로젝트 개발 생산성에 중요한 영향을 미치기 때문에 신중히 선택해야 합니다.",https://yozm.wishket.com/magazine/detail/1700/,https://yozm.wishket.com/media/news/1700/create_gradle_project3.png,곰씨네 IT 블로그,개발자
130,개발자는 페어 프로그래밍으로 성장한다,2022.09.19.,"개발자로 살다 보면 한 번쯤 ‘페어 프로그래밍’을 하게 된다. 페어 프로그래밍은 두 사람이 파트너가 되어 함께 의논하면서 코드를 작성하는 활동이다. 계속 대화하는 것도 쉽지 않은 일인데 말하면서 코드 작성까지 해야 하는 건 분명 체력적, 정신적으로 에너지가 많이 쓰이는 일이다. 그런데 페어 프로그래밍에 대해 검색하면 장점을 얘기하는 사람들이 정말 많다. 실제로 만나본 개발자 중에서도 페어 프로그래밍을 싫다고 하는 사람을 보지 못했다. 오히려, 어렵지만 꼭 해야 하는 일이라고 다들 말했다. 도대체 페어 프로그래밍이 무엇이길래, 그리고 어떤 장점이 있기에 좋아하는 걸까?",https://yozm.wishket.com/magazine/detail/1698/,https://yozm.wishket.com/media/news/1698/image001.png,zwoo,인터뷰
131,왜 내가 작성한 JavaScript Date 코드가 서버에서는 다르게 보이는 거죠?,2022.09.16.,"프론트엔드에서 날짜와 시간을 다루는 작업은 매우 흔한 일입니다. 그래서 ‘자바스크립트(JavaScript)’에서는 Date 객체가 빌트인으로 존재하죠. 하지만 JavaScript의 Date만으로 날짜를 다루는 것은 생각보다 쉽지 않습니다. 그래서 오늘은 JavaScript의 Date 가 시간을 다루는 방식에 대해 좀 더 깊게 알아보고자 합니다. 이 포스트에서는 표준 시간대가 왜 필요하고, JavaScript의 날짜와 시간 처리 방식은 무엇이며, 이것이 왜 다루기 어려운지를 알아봅시다.",https://yozm.wishket.com/magazine/detail/1695/,https://yozm.wishket.com/media/news/1695/그림1.jpg,재그지그의 개발 블로그,세상
132,[여기보기] 내 서버도 머글이 지나갈 수 없는 9와 4분의 3 승강장처럼,2022.09.15.,"리눅스 서버도 호그와트처럼 특정 조건이 부합할 때만 접근할 수 있는 9와 4분의 4 승강장이 있다면 어떨까요? 혹시라도 뚫고 들어온 머글이 있다면, 어떻게 들어왔는지 흔적을 빨리빨리 찾으려면 어떻게 해야 할까요? 특별한 마법을 쓰지 않아도 서버로 접근하는 경로와 머무르는 시간 등을 설정하는 방법을 살펴보겠습니다.",https://yozm.wishket.com/magazine/detail/1692/,https://yozm.wishket.com/media/news/1692/image005.png,넷마블 기술 블로그,데이터
133,GraphQL을 이용한 OLAP Star Schema의 설계,2022.09.14.,"비즈니스는 ‘애자일(Agile)한 방식으로 점차 빠른 구현과 검증을 요구하는 형태로 변화하고 있다. 이에 따라 ‘애플리케이션(Application)’도 빠른 대응을 위한 유연한 구조를 원하고 있고, 데이터를 관리하는 인터페이스도 유연한 구조를 원하고 있다. 이번 글에서는 OLAP-Stars schema를 GraphQL을 통해서 구현하는 방법에 관해 다룰 계획이다. 기업의 의사결정을 돕는 데이터를 제공하며, 유연한 Application을 구축하는 방안을 생각해보고자 한다.",https://yozm.wishket.com/magazine/detail/1689/,https://yozm.wishket.com/media/news/1689/image015.png,Jay Ahn,클라우드
134,웹 개발자라면 알고 있어야 할 HTTP의 진화 과정,2022.09.08.,"하나의 웹 사이트에서 왜 이렇게 다른 버전의 HTTP가 사용되고 있는 걸까요? 각 버전에는 무슨 차이가 있는 걸까요? 왜 HTTP의 버전은 1, 2, 3으로 딱 나누어 떨어지지 않을까요? 그래서 오늘은 HTTP의 각 버전이 등장하게 된 배경과 버전 별 특징을 정리해보고자 합니다. 이번 글을 통해 HTTP의 각 버전에 대해 자세하게 알고 싶은 분 들게 도움이 되기를 바랍니다.",https://yozm.wishket.com/magazine/detail/1686/,https://yozm.wishket.com/media/news/1686/image001.png,재그지그의 개발 블로그,구글
135,[여기보기] etc 디렉터리에 있는 소중한 아이들,2022.09.06.,"리눅스에서 ‘etc’ 디렉터리는 정반대입니다. 디렉터리 이름과 달리, 이 속에는 시스템 설정 관련 파일이 있습니다. 시스템 부팅 전반에 걸쳐 영향을 주는 파일이 대부분이죠. [여기보기] 글 중, ‘파일과 디렉터리에는 정확한 소유권과 적당한 권한을 부여하라’ 글을 보셨을까요? ‘etc’ 디렉터리와 파일을 보호하는 기초적인 방법은 역시 소유권과 권한 설정입니다. 그래서 ‘chown’과 ‘chmod’ 명령어만으로 문제를 대부분 해소할 수 있습니다.",https://yozm.wishket.com/magazine/detail/1679/,https://yozm.wishket.com/media/news/1679/image001.png,넷마블 기술 블로그,리눅스
136,(비개발자를 위한) GitHub의 역사와 기능,2022.09.01.,"GitHub(깃허브)는 개발자와 떼려야 뗄 수 없는 관계에 있는 서비스로, 개발자가 아닌 사람들조차 GitHub를 어렴풋이 들어본 적이 있을 정도로 유명합니다. 이 글은 ‘GitHub에 대해 듣기는 했지만, 무엇인지 정확히 모르는 사람들’과 ‘주변에서 많이 사용해서 일단 쓰고는 있는데, GitHub가 어떤 사이트인지 잘 모르는 사람들’을 위해 작성되었습니다. GitHub의 탄생부터 지금까지의 역사를 간단하게 살펴보고, 어떤 기능이 있는지 알아보겠습니다.",https://yozm.wishket.com/magazine/detail/1674/,https://yozm.wishket.com/media/news/1674/image001.png,jiwon.me,이야기
137,"Jetpack Compose, 뭐가 좋은데?",2022.08.31.,"알라미 Android 팀에서도 최신 UI 빌드 트렌드를 따라가기 위해, 더 나아가 Compose의 이점을 활용하기 위해 기존 UI 빌드 방식을 Jetpack Compose로 전환하고 있습니다. 이에 대한 첫걸음으로 다음 ‘설정’의 ‘정보' 화면을 Jetpack Compose로 전환했습니다. 오늘은 Jetpack Compose를 적용해서 어떤 이점이 있었는지 공유해보고자 합니다.",https://yozm.wishket.com/magazine/detail/1670/,https://yozm.wishket.com/media/news/1670/image001.jpg,딜라이트룸 제품 인사이트 팀,Git
138,[여기보기] 파일과 디렉터리에는 정확한 소유권과 적당한 권한을 부여하라,2022.09.02.,"리눅스에서는 기본적으로 ‘find’, ‘chown’, ‘chmod’만 잘 써도 위협 요소 대부분 방어할 수 있습니다. 파일과 디렉터리마다 정확한 소유권과 적당한 권한이 부여된 것만으로도 허가받지 않은 사용자가 의도한 악의적인 활동은 기본적으로 차단할 수 있기 때문입니다. 그래서 어떤 조처를 하느냐보다 무엇을 왜 했는지 이해하고 명확한 기준을 세우는 것이 중요합니다. 이유와 기준만 확실하다면, 나머지 설정은 그에 따라가기만 하면 되니까요. 이번에는 조금 특별한 소유권 관계와 권한이 어떤 영향을 주는지 살펴보겠습니다.",https://yozm.wishket.com/magazine/detail/1668/,https://yozm.wishket.com/media/news/1668/image001.png,넷마블 기술 블로그,워크스페이스
139,GitHub Actions로 App 자동으로 배포하기,2022.08.29.,"핑퐁팀은 2022년 상반기에 루다와 유저를 만나게 하는 수단으로 더 이상 페이스북 메신저를 사용하지 않고 자체 메신저 앱을 개발하기로 결정했습니다. 빠르게 MVP 형식의 메신저 앱을 완성하여 배포한 후 지속적인 업데이트를 통해 앱의 완성도를 올리자는 계획을 세웠고, 이를 위해 앱 배포 과정을 최대한 자동화하였습니다. 이번 글에서는 루다와 함께 사용하는 메신저 ‘너티’의 빌드와 배포를 자동화하는 과정을 설명해 보겠습니다.",https://yozm.wishket.com/magazine/detail/1666/,https://yozm.wishket.com/media/news/1666/preview.png,스캐터랩,인터뷰
140,프론트엔드 아키텍처의 가장 최근 트렌드는?,2022.08.26.,"처음에는 그냥 기능 구현을 하면 되지만 프로젝트의 크기가 커지다 보면 ‘제대로 정리해두지 않으면 정말 안 될 것 같은 순간’들을 맞이하게 됩니다. 그냥 만들면 쉬운 요구사항도 기존 코드에 확장하는 것이 쉽지 않고, 점점 디버깅도 힘들어지는 걸 느낍니다. 이러한 문제에 부딪힌 많은 프론트엔드 개발자가 기존 구조에서 조금씩 더 나은 아키텍처와 프레임워크 형태, 그리고 라이브러리리를 제안했습니다. 덕분에 짧은 시간 안에 새로운 아키텍처들과 방법들이 꾸준히 탄생했습니다.",https://yozm.wishket.com/magazine/detail/1663/,https://yozm.wishket.com/media/news/1663/image008.png,테오의 프론트엔드,파이썬
141,집합의 관점에서 타입스크립트 바라보기,2022.08.25.,"요즘 프론트엔드 영역에서 타입스크립트를 쓰는 것은 선택이 아니라 필수로 자리 잡고 있습니다. 타입스크립트라는 이름에서부터 느낄 수 있듯이 타입을 작성하는 데에 시간을 많이 쏟고, 사용할 때는 타입을 집합의 관점에서 바라보고 사용하게 됩니다. 하지만 우리가 상식적으로 알고 있는 집합의 관점으로만 바라보기에는 받아들이기 어려운 상황이 발생합니다. 왜 그런 일이 생기는 걸까요?",https://yozm.wishket.com/magazine/detail/1661/,https://yozm.wishket.com/media/news/1661/image001.jpg,화해팀,개발
142,[인터뷰] 김시준 레몬베이스 개발자 “즐거운 마음으로 함께 성장할 신념 있는 동료를 기다립니다!”,2022.08.24.,"이번 인터뷰의 주인공은 성과관리 소프트웨어 운영사 '레몬베이스'의 김시준 개발자입니다. 레몬베이스는 기업명과 동일한 소프트웨어 '레몬베이스'를 서비스하는 기업으로, 회사와 구성원의 건강한 성장을 돕는 걸 미션으로 삼고 있습니다. 2020년 4월, 서비스 시작 이후 실 이용자가 월 평균 50% 이상 성장할 정도로 주목받고 있습니다.",https://yozm.wishket.com/magazine/detail/1657/,https://yozm.wishket.com/media/news/1657/image012.png,요즘IT,개발자
143,소프트웨어의 복잡한 설계를 관리하는 도구,2022.08.22.,"개발자는 소프트웨어의 설계에 다양한 표현 방식을 사용합니다. 한국어, 영어 등의 자연어를 사용하여 표현하기도 하고, 직접 그림을 그려서 표현하기도 합니다. 하지만 이런 방식은 작성자 외 다른 사람과의 표현방식에 대한 약속이나 규칙이 없기에 간혹 의사소통에 방해가 되기도 합니다. 따라서 소프트웨어의 모델을 표현하는 ‘UML(Unified Modeling Lanugage)’이나 비즈니스 프로세스를 표기하기 위한 ‘BPMN(Business Process Model and Notation)’ 등을 사용합니다.",https://yozm.wishket.com/magazine/detail/1653/,https://yozm.wishket.com/media/news/1653/image001.png,Jay Ahn,하이퍼링크
144,자바스크립트 개발자가 알고리즘을 C언어로 푸는 이유,2022.08.19.,"사용법이 간단하고 최적화된 메서드 덕분에 자바스크립트로만 프로그래밍하면 알고리즘의 필요성을 느끼기 어렵다. 지난 세 달간 호기심이 생겨서 C언어를 공부하고 알고리즘 문제를 풀어보았다. 이번 글에서는 백준에서 두 가지 언어로 알고리즘 기초문제를 풀면서 느낀 점을 공유하고, 자바스크립트로 알고리즘을 공부하는 것의 한계에 관해 C언어와 비교해서 이야기해보겠다.",https://yozm.wishket.com/magazine/detail/1651/,https://yozm.wishket.com/media/news/1651/image001.jpg,zwoo,Java
145,개발자를 위한 AWS 클라우드 보안: ③인프라 보안과 사고 대응,2022.08.19.,"핑퐁팀에서 AWS 보안 강화를 위해 작업했던 내용을 AWS Well-Architected Framework와 함께 소개하는 마지막 글로, 인프라 보안 영역과 사고 대응 영역을 소개하려고 합니다.",https://yozm.wishket.com/magazine/detail/1650/,https://yozm.wishket.com/media/news/1650/image009.png,스캐터랩,코드
146,데이터 분석가가 되고 싶은 취준생을 위한 안내서,2022.08.18.,"최근 저희 조직에 학부생 인턴으로 지원한 분들과 면접을 진행했습니다. 인터뷰를 통해 대학생들의 다양한 가치관과 생각, 그리고 앞으로의 목표 등을 배울 수 있는 기회였는데요. 면접에서 지원한 이유를 물어봤을 때 공통으로 언급되는 문장이 있었습니다. 바로 “실무 경험을 통해 데이터에 대한 이해를 더 단단히 하고 싶어서 지원했다”라는 이야기였습니다. 그래서 면접 이후에 ‘데이터에 관한 이해도’를 늘리는 방법에 관해 많이 고민하게 됐는데요. 이번 글에서는 그 고민의 결과를 바탕으로 데이터 이해도를 높이는 방법에 관해 설명해 보겠습니다.",https://yozm.wishket.com/magazine/detail/1649/,https://yozm.wishket.com/media/news/1649/image012.png,애옹킴,데이터
147,나에게 맞는 웹 기술 스택을 고르는 방법,2022.08.17.,"세상에는 웹 개발을 하기 위한 많고도 다양한 기술 스택이 존재합니다. 그러나 어떤 스택을 채택해야 하는지, 언제 그것을 사용할 수 있는지를 아는 것은 특히 초보자에게 어려운 일입니다. 이 글을 통해서 우리는 웹 개발을 위한 여러 인기 있는 기술 스택들을 살펴본 뒤 그것들의 장단점을 분석할 것입니다. 그 후에 우리는 일반적인 소프트웨어 개발, 웹 개발, 모바일 웹 앱 개발 등의 목적에 따라서 웹 개발 기술 스택을 고르기 위한 몇 가지 팁을 제공할 것입니다.",https://yozm.wishket.com/magazine/detail/1645/,https://yozm.wishket.com/media/news/1645/image001.jpg,요즘IT의 번역글들,데이터
148,개발자를 위한 AWS 클라우드 보안: ②로깅 및 모니터링과 데이터 보호,2022.08.12.,"로깅 및 모니터링 영역은 클라우드 환경에서 발생하는 로그를 중앙으로 모아 보관하여 잠재적 보안 문제나 의심스러운 활동의 원인을 쉽고 빠르게 조사, 분석, 식별할 수 있는 환경을 구축하는 것을 목표로 합니다. 로깅 및 모니터링 아키텍처를 잘 갖추면 클라우드 사용 중에 발생하는 문제를 빠르게 파악하고, 문제의 원인 또한 수월하게 찾을 수 있습니다. 핑퐁팀에서 로깅 및 모니터링 영역 강화를 위해 적용한 내용을 소개하겠습니다.",https://yozm.wishket.com/magazine/detail/1641/,https://yozm.wishket.com/media/news/1641/image015.png,스캐터랩,팀
149,[인터뷰] 황성구 스캐터랩 CTO “관계의 가치를 기술로 구현하고 싶은 분들을 환영합니다“,2022.08.10.,"오늘 인터뷰는 AI 이루다로 유명한 ‘스캐터랩’의 황성구 CTO입니다. 스캐터랩은 AI 소셜 챗봇 '이루다'를 만든 루다팀, 모바일 셀프케어 서비스를 제공하는 블림프팀, 사람들이 행복하고 멋진 연애를 하도록 돕는 연애의과학팀 등 3팀으로 구성되어 있으며 행복한 삶을 위한 관계적 가치 제공을 위해 노력하고 있습니다.",https://yozm.wishket.com/magazine/detail/1635/,https://yozm.wishket.com/media/news/1635/image017.png,요즘IT,브랜치
150,“세상 참 좋아졌네”…깃허브 코파일럿 리뷰,2022.08.09.,"웹 개발 생산성을 높이기 위한 방법이라는 글에서 ‘깃허브 코파일럿(GitHub Copilot)’에 대해서 소개한 적이 있습니다. GitHub Copilot은 ‘깃허브(GitHub)’에서 2021년에 출시한 서비스로, 개발자가 작성한 주석이나 함수명을 이해하여 코드를 자동 완성해 제시하는 기능입니다. 이번 글에서는 GitHub Copilot의 동작 방식과 장단점을 알아보고, GitHub Copilot을 사용해본 소감과 함께 개발 생산성에 미치는 영향에 대해서 정리해봤습니다.",https://yozm.wishket.com/magazine/detail/1634/,https://yozm.wishket.com/media/news/1634/image002.gif,곰씨네 IT 블로그,Java
151,데이터 리터러시(Data Literacy)를 올리는 방법,2022.08.08.,"화해팀은 일찍이 데이터의 중요성을 강조해왔는데요. 조직 전반적으로 데이터 활용력을 높이고, 데이터 의사결정 문화를 활성화하기 위해 많은 시도를 해왔습니다. 데이터를 거의 실시간에 가깝게 제공도 해보고, 보고 싶은 지표를 모두 넣은 수십 개의 대시보드도 제공해보고, 구성원을 대상으로 교육도 해봤습니다. 데이터 활용력을 높이기 위한 여러 시도 중 가장 좋았던 방법을 지난 DevDay에서 화해팀 구성원분들께 공유한 바 있는데요. 화해 블로그를 통해 다시 한번 정리한 내용을 공유해 드리겠습니다.",https://yozm.wishket.com/magazine/detail/1632/,https://yozm.wishket.com/media/news/1632/image011.jpg,화해팀,데브옵스
152,개발자를 위한 AWS 클라우드 보안: ①클라우드 설계 원칙과 IAM,2022.08.05.,"스캐터랩에서는 루다를 비롯한 회사의 서비스를 배포하고 운영하기 위해 AWS를 사용하고 있습니다. 컴퓨팅, 네트워크 장비를 직접 구매해서 모든 것을 세팅할 필요 없이, 클라우드에서 인프라 구축, 자동 스케일링, 네트워크, DNS 구성 등을 간편하게 할 수 있는 것은 클라우드의 매우 큰 장점입니다. 이와 같은 클라우드의 장점을 최대한 활용하기 위해서는 클라우드를 효율적으로 사용하는 방법을 알아야 할 것입니다.",https://yozm.wishket.com/magazine/detail/1629/,https://yozm.wishket.com/media/news/1629/image001.png,스캐터랩,스캐터랩
153,구글 애널리틱스 4 지표에서 사라진 브라우저 크기 수집하기,2022.08.04.,"딱히 복잡한 설정 없이 웹이나 앱에 접속한 사용자 현황과 부가 정보를 확인하는 용도부터 광고 유입이나 캠페인 등을 측정하는 용도까지, ‘구글 애널리틱스’는 다들 쉽게 쓰는 도구일 겁니다. UA는 유니버설 애널리틱스(Universal Analytics)의 약자로, 새로 나온 GA4(Google Analytics 4)와 구분하기 위해 GA3라고 부르는 분들도 계십니다. 그렇게 10년 넘게 우리 곁에서 함께한 UA가 2023년 7월 1일, 생을 마감한다는 공지가 2022년 3월에 올라왔습니다. 익숙한 UA를 떠나, GA4로 가야만 하는 강제 사항이 생겼습니다.",https://yozm.wishket.com/magazine/detail/1625/,https://yozm.wishket.com/media/news/1625/image012.png,넷마블 기술 블로그,개발자
154,쿠버네티스에서 노드가 추가될 때마다 슬랙 알람 쏘기,2022.08.03.,AWS의 Elastic Kubernetes Service나 GCP의 Google Kubernetes Engine 등 대부분의 대형 클라우드 서비스는 독자적인 관리형 쿠버네티스 서비스를 제공하고 있습니다. 쿠버네티스 API 서버를 활용하면 화려한 서드 파티 없이도 노드가 추가될 때 알람을 보내는 간단한 프로그램을 만들 수 있습니다. 핵심은 쿠버네티스에 기록되는 이벤트를 추적하는 건데요. 이벤트의 개념부터 실제 코드 작성 후 배포하는 단계까지 차근차근 설명해 보겠습니다.,https://yozm.wishket.com/magazine/detail/1623/,https://yozm.wishket.com/media/news/1623/요즘it-썸네일-가로형-001.png,스캐터랩,웹 개발
155,Vite 이야기(feat. Svelte),2022.08.02.,이번 글은 ‘비트(Vite)’에 관한 내용입니다. 최근 ‘스벨트(Svelte)’와 관련한 사내 발표 내용 중 다들 재미있어했던 Vite에 관한 이야기를 블로그 형식으로 각색하여 다시 정리해보았습니다. 특히 이번 글은 Vite에 대한 전문적인 내용을 다루기 보다는 조금 더 가볍게 준비해보았습니다. 그렇지만 중요한 핵심과 흐름을 담았기 때문에 Vite가 궁금하다면 이 글이 정말 간략하게나마 이해하는 데 도움이 될 것입니다.,https://yozm.wishket.com/magazine/detail/1620/,https://yozm.wishket.com/media/news/1620/요즘it-썸네일-가로형-001.png,테오의 프론트엔드,인터뷰
156,[여기보기] 알리바바가 외친 “열려라! 참깨”에는 열리지 않는 문,2022.07.29.,"아라비안나이트에 나오는 ‘알리바바와 40인의 도둑’ 이야기를 잠시 떠올려보겠습니다. 도둑이 멀리서 외치는 암호가 알리바바에게 유출됐고, 유출된 암호였던 “열려라! 참깨”는 계속 재사용됐습니다. 길이조차도 그리 길지 않아서 기억하기 좋았습니다. 만약 40인의 도둑이 각자 다른 입구와 다른 암호를 쓰고 있었다면 어땠을까요? 암호가 주기적으로 바뀌었다면 어땠을까요? 암호가 쉽게 기억할 수 없는 매우 긴 문장이었다면 어땠을까요? 들어갈 수 있는 사람과 암호 둘 다 철저하게 관리하고 출입 대장을 기록하고 있었다면, 알리바바는 동굴에 들어갈 수 없었을지도 모릅니다. 리눅스 서버 보안을 위한 계정과 패스워드 설정에 대한 내용을 시작합니다.",https://yozm.wishket.com/magazine/detail/1616/,https://yozm.wishket.com/media/news/1616/image005.png,넷마블 기술 블로그,언리얼 엔진
157,워크스페이스를 이용한 망분리 환경 구축하기,2022.07.28.,"화해 서비스가 성장하면서 개인정보보호법에 따라 화해는 개인정보의 기술적?관리적 보호조치를 위한 망분리 적용 대상이 되었습니다. 내부적으로도 ‘사용자의 개인정보를 더욱 안전한 환경에서 다루고 폐기까지 이루어져야 한다’라는 망분리의 필요성이 대두되었습니다. 이에 따라 저희는 망분리를 진행했습니다. 지난번 DevDay에서 망분리 진행 방식과 그 과정에서 겪은 시행착오들을 버디즈분들(화해팀 구성원)에게 공유했습니다. 발표 당시 많은 버디즈가 응원과 격려를 해주셨는데, 이번에는 발표 내용을 블로그를 통해 공유해보고자 합니다.",https://yozm.wishket.com/magazine/detail/1613/,https://yozm.wishket.com/media/news/1613/image001.jpg,화해팀,개발자
158,[인터뷰] 백부석 스티비 CTO “시도하고 만들어 보는 일에 두려움이 없는 개발 문화를 만들고 있어요”,2022.07.27.,"오늘 인터뷰의 주인공은 이메일 뉴스레터 서비스 플랫폼 ‘스티비’의 백부석 CTO입니다. 이메일 뉴스레터 제작 솔루션으로 시작한 스티비는, 이제 이메일 뉴스레터를 기반으로 새로운 콘텐츠 구독 생태계를 만들어 나가고 있습니다. 특히 매월 1억 건이 넘는 이메일이 스티비를 통해 발송될 정도로 많은 이용자가 사용 중입니다.",https://yozm.wishket.com/magazine/detail/1610/,https://yozm.wishket.com/media/news/1610/stibee_team.jpg,요즘IT,개발자
159,“파이썬은 느리다”에 대한 반론,2022.07.27.,"예, 파이썬은 아마 느릴 겁니다. 그래도 우리는 여전히 잘 사용하고 있습니다. 실제로 파이썬은 자바(Java)나 C++에 비교하면 느린 축에 속합니다. 그러나 사실 실제 응용 프로그램 개발(적어도 모든 단계에서는 아닙니다)이나 소규모 프로젝트에서 속도가 가장 우선순위가 되는 부분은 아닙니다. 몇몇 사람들은 파이썬이 얼마나 느린지 영원히 깨닫지 못할지도 모릅니다. 몇몇 실제 응용프로그램에서는 0.01초와 0.1초 그리고 1초의 실행 시간이 아무런 차이가 없기 때문입니다. 파이썬이 느리거나 말거나 신경을 쓸 필요가 없는 이유를 지금부터 알아봅시다.",https://yozm.wishket.com/magazine/detail/1608/,https://yozm.wishket.com/media/news/1608/image001.jpg,요즘IT의 번역글들,파이썬
160,파이썬 초보자가 저지르는 10가지 실수,2022.07.26.,"파이썬을 처음 배울 때, 우리는 자신도 모르게 몇 개의 나쁜 코딩 습관들을 갖게 됩니다. 처음에는 문제없이 작동했지만, 나중에 정상적으로 작동하지 않거나 뒤늦게 문제를 더 쉽게 해결할 수 있는 내장 함수를 찾는 경우도 있습니다. 파이썬을 처음 접하는 대부분의 사람은 처음 배울 때 가진 나쁜 습관을 여전히 하나 이상 가지고 있습니다. 오늘은 그 나쁜 습관들을 쉽게 고칠 수 있는 방법들에 관해 설명해 보겠습니다.",https://yozm.wishket.com/magazine/detail/1605/,https://yozm.wishket.com/media/news/1605/image001.jpg,요즘IT의 번역글들,파이썬
161,좋은 개발 스터디를 운영하는 법,2022.07.19.,"좋은 개발 스터디그룹을 찾기란 하늘의 별 따기이다. 개발자라면 공감할 것이다. 누구나 자신과 실력이 비슷하고 열정 있는 스터디원들을 만나 재미있게 공부하고 싶지만, 대부분 중간에 흐지부지되거나 어느새 모임에 생기를 잃은 채 간신히 유지하게 된다. 여럿이서 공부하는 데도 왜 시너지가 나지 않는 것일까? 그동안 스스로의 성장을 위해 많은 스터디에 참여하면서 여러 방법을 시도하면서 좋은 스터디의 기준에 대해 정리할 수 있었다. 이번 글에서는 어떻게 하면 좋은 개발 스터디를 할 수 있는지를 공유해보고자 한다.",https://yozm.wishket.com/magazine/detail/1593/,https://yozm.wishket.com/media/news/1593/image001.png,zwoo,여러분
162,2022년 프론트엔드 개발 동향,2022.07.18.,"이번에 소개해 드릴 프론트엔드 개발 트렌드는 앱 개발 진행과정을 더욱 빠르고 간결하게 만들어줍니다. 또한 업계에 지속해서 영향력을 미치는 것을 목표로 하는 개발자에게 있어서 최신 프로그래밍 언어, 프론트엔드 프레임워크 및 기술들을 유지하는 것이 끊임없이 진화하는 업계에서 경쟁력을 유지하는 데 필수적입니다.",https://yozm.wishket.com/magazine/detail/1590/,https://yozm.wishket.com/media/news/1590/image004.png,요즘IT의 번역글들,가독성
163,"하이퍼링크를 신뢰할 수 없다면? noopener, noreferrer, nofollow",2022.07.15.,"여러분이 자주 방문하는 웹사이트에 접속하여 개발자 도구를 한 번 켜서 HTML 요소 검사기에서 하이퍼링크(<a>, 앵커 태그)들을 한 번 살펴보시기 바랍니다. 아마 전부는 아니지만, 일부 하이퍼링크에는 rel이라는 속성의 값으로 noopener, noreferrer 또는 nofollow가 들어있을 겁니다. 이러한 속성은 왜 들어있으며 어떤 역할을 하는 걸까요? 오늘은 그 이유에 대해 간단히 알아보고자 합니다.",https://yozm.wishket.com/magazine/detail/1586/,https://yozm.wishket.com/media/news/1586/image001.png,재그지그의 개발 블로그,프론트
164,웹 개발 시간을 줄여주는 팁 4가지,2022.07.15.,"앞서 작성한 웹 개발 생산성을 높이기 위한 방법에 이어서 이번에는 웹 개발 시간을 줄여주는 몇 가지 팁을 살펴볼까 합니다. 항상 일정이 타이트한 웹 개발 프로젝트에서 조금이라도 시간을 아낄 수 있는 부분이 있다면 개선해 나가야 하죠. 하루에 1분이라도 개발 시간을 단축할 수 있다면, 그것이 쌓이고 쌓여서 전체 생산성에 영향을 미칠 수 있기 때문입니다. 이번 글에서는 그중에서 제가 그동안 웹 개발을 해오면서 활용했던 팁들, 그중에서도 프론트엔드 개발단에서 활용할 수 있는 팁들을 소개하려고 합니다.",https://yozm.wishket.com/magazine/detail/1585/,https://yozm.wishket.com/media/news/1585/image003.gif,곰씨네 IT 블로그,생산성
165,"[여기보기] 뿌리 깊은 리눅스의 근본, 루트 계정을 지켜라",2022.07.14.,"리눅스에서 root 계정은 여러 사용자가 사용하는 서버 전체를 관리하고 총괄하는 막대한 권한을 가진, 유일한 특별 계정입니다. 제한 없이 사용자 계정을 생성할 수 있고, 소프트웨어를 설치할 수 있으며, 환경 설정을 변경할 수 있고, 시스템 동작 상황을 감시하거나 제어할 수도 있습니다. 즉, 리눅스에서 root 계정은 절대 권한을 가진 계정입니다. 그래서 항상 조심하고 또 조심해야 하는 계정입니다. root 계정을 지키기 위한 최소 원칙 4가지를 살펴보겠습니다.",https://yozm.wishket.com/magazine/detail/1583/,https://yozm.wishket.com/media/news/1583/image002.png,넷마블 기술 블로그,개발
166,코드 리뷰 문화,2022.07.12.,"안녕하세요, 제 이름은 블라드(Vlad)이며, 아고다(Agoda)에서 엔지니어링 매니저를 맡고 있습니다. 아고다에서 선임 소프트웨어 엔지니어로부터 기술 책임자까지 경력을 쌓는 동안, 저는 매년 1,100회 이상의 기고를 작성했습니다. 따라서, 저의 코드 리뷰 경험은 상당히 축적되었다고 할 수 있습니다. 이 글에서는 코드 리뷰 문화, 커뮤니케이션 및 코드 리뷰어의 기술에 대해 간략히 다뤄 볼까 합니다. 하지만, 구체적 코드 리뷰 수행을 위한 단계별 지침을 제공하는 것은 아니라는 걸 밝힙니다.",https://yozm.wishket.com/magazine/detail/1577/,https://yozm.wishket.com/media/news/1577/image005.png,요즘IT의 번역글들,액션
167,데이터 분석가는 무슨 일을 할까요?,2022.07.11.,"오늘날 데이터를 우리의 삶과 때어 놓는다는 것은 불가능합니다. 데이터는 우리가 하는 대부분의 일에 영향을 주고 편리함을 제공하기 때문에 기업은 데이터에서 정보를 처리하고 미래 트렌드를 예측하며 성장과 이익을 가속하는 방법과 전략을 찾아냈습니다. 그리고 데이터 분석가는 데이터를 사용하여 문제를 해결하고 있습니다. 이번 글에서는 먼저 데이터 분석이 무엇인지, 데이터 분석가가 수행하는 일상적인 업무는 무엇인지, 데이터 분석가가 되기 위해 필요한 능력과 스킬에 대해 알아보겠습니다.",https://yozm.wishket.com/magazine/detail/1571/,https://yozm.wishket.com/media/news/1571/image001.jpg,요즘IT의 번역글들,활용
168,ECMAScript 2022 살펴보기,2022.07.08.,"자바스크립트(JavaScript)는 ECMAScript를 준수하는 언어이기 때문에, 이번 발표는 JavaScript 사양의 변경으로도 해석할 수 있습니다. 사실 표준이 되기 전에도 이미 대부분의 브라우저가 이를 지원하고 있었기에 여러분도 이미 해당 제안(Proposal)을 써봤을 수도 있습니다. 저처럼 JavaScript를 주력 언어로 쓰시는 분들께는 이러한 ECMAScript의 발표가 굉장히 흥미로운(?) 이벤트인데요, 그래서 오늘은 ECMAScript 2022를 기점으로 새롭게 표준이 된 제안을 정리해보고자 합니다.",https://yozm.wishket.com/magazine/detail/1570/,https://yozm.wishket.com/media/news/1570/제목을_입력해주세요_-001.png,재그지그의 개발 블로그,임금님 귀는 당나귀 귀
169,최고의 오픈 소스 개발 도구 Top 8,2022.07.08.,"소프트웨어 개발 프로세스에는 많은 인기 있는 오픈 소스 개발 도구가 있습니다. 이러한 도구 중 대부분은 유사한 기능을 가지고 있으며 소프트웨어 개발에 대한 다양한 접근 방식을 제공합니다. 당신에게 적합한 오픈 소스 개발 도구를 선택할 때 어디서부터 찾아야 할지 아는 것은 어려울 수 있습니다. 우리는 2022년에 사용해야 할 최고의 오픈 소스 개발 도구에 대해 살펴볼 것입니다. 이러한 도구들 없이는 개발 업무, 마감일 맞추기, 발견된 버그들 해결하기 등은 불가능할 것입니다.",https://yozm.wishket.com/magazine/detail/1569/,https://yozm.wishket.com/media/news/1569/제목을-입력해주세요_-001__59_.png,요즘IT의 번역글들,개발
170,ECS Task Rebalancing을 이용한 EC2 비용 최적화,2022.07.08.,"AWS ECS는 꽤 편리하고 생각보다 여러 곳이 사용하고 있는 운영 환경입니다. 그런데도 클라우드 환경에서는 매우 중요한 Auto Scaling과 관련하여 아쉬움이 많았던 서비스인데요. 트래픽이 갑자기 spike 치는 일이 종종 발생하는 Airbridge 워크로드에서는 고통이 꽤 컸었습니다. Auto Scaling이 잘 안되면 비용이 많이 낭비되기 때문입니다. 이번 글에서는 AWS ECS Managed Cluster Auto Scaling과 비용 관련 문제점, 그리고 Airbridge Backend 팀에서 어떻게 개선했는지 소개합니다.",https://yozm.wishket.com/magazine/detail/1568/,https://yozm.wishket.com/media/news/1568/제목을-입력해주세요_-001__58_.png,AB180 엔지니어링 베이스,리
171,데이터 분석이란 무엇일까?,2022.07.07.,"오늘날 데이터는 어디에나 있습니다. 그리고 우리가 생산하는 데이터는 해를 거듭할수록 증가하고 있습니다. 우리가 사용할 수 있는 데이터의 양은 방대하지만, 이 모든 데이터로 무엇을 할 수 있을까요? 어떻게 사용해야 할까요? 그리고 데이터는 의미하는 바를 어떻게 이해할 수 있을까요? 이 때문에 데이터 분석가의 수요는 매우 높으며 기업 경영과 과학 분야에서 핵심적인 역할을 수행하고 있습니다. 본 글에서는 데이터 분석이 무엇인지 살펴보고, 왜 모두가 데이터 분석이 중요하다고 말하고 있는지 알아보겠습니다. 또한 데이터 분석 프로세스를 단계별로 자세히 알아보고, 데이터 분석을 수행하는 데 필요한 기술이 무엇인지 살펴보겠습니다.",https://yozm.wishket.com/magazine/detail/1567/,https://yozm.wishket.com/media/news/1567/image001.jpg,요즘IT의 번역글들,성장
172,Flutter로 UI를 구현하는 방법,2022.07.07.,"이 글에서는 이미지를 포함한 모든 종류의 UI를 Flutter 코드로 변환하는 방법에 대해 소개할 예정입니다. 미리 말하자면 이 글은 앱 개발 튜토리얼이 아니며, 다양한 UI의 기본적인 개념과 구현 방법을 간략히 소개하는 가이드입니다.",https://yozm.wishket.com/magazine/detail/1566/,https://yozm.wishket.com/media/news/1566/image001.png,요즘IT의 번역글들,튜토리얼
173,BDD? SDD? 팀 프로젝트 다 같이 개발?설계하는 방법,2022.07.06.,"오늘 해볼 이야기는 ‘어떻게 하면 조금 더 효율적으로 다 같이 개발을 설계하고 진행할 수 있을지’에 대한 이야기입니다. 아이디어를 구체화하고 기획 구현을 시작하면 이제 ‘이걸 어떻게 태스크로 나눠서 분배해야 하는지’, ‘진행도는 어떻게 체크해야 하는지’, ‘다른 사람들은 어디까지 했는지’ 등 프로젝트 파악이 필요합니다. 태스크 및 일정 관리에 정답은 없겠지만, 직접 스프린트를 진행하면서 긍정적인 효과를 보았던 BDD(Behavior Driven Development)와 SDD(Schema Driven Development)를 바탕으로 프로젝트 설계 및 일정 관리에 대해 한 번 이야기해보겠습니다.",https://yozm.wishket.com/magazine/detail/1565/,https://yozm.wishket.com/media/news/1565/image001.png,테오의 프론트엔드,개발
174,[인터뷰] 이연경 샌드박스네트워크 Game & Crypto 리더 “유연한 마음과 강한 책임감을 가진 사람들과 함께하고 싶습니다”,2022.07.06.,이번 글의 주인공은 샌드박스네트워크의 Game & Crypto 조직에서 Product & Operation 디비전을 맡고있는 이연경 리더입니다. 샌드박스네트워크 Game & Crypto 조직은 크리에이터와 시청자 간의 커뮤니케이션 확대와 GenZ 중심의 건전하고 올바른 게임 문화 정착을 위한 각종 서비스를 선보이고 있습니다.,https://yozm.wishket.com/magazine/detail/1563/,https://yozm.wishket.com/media/news/1563/image001.jpg,요즘IT,개발자
175,브랜치 전략 수립을 위한 전문가의 조언들,2022.07.01.,개발자라면 누가 언급하지 않더라도 자연스레 알아야 하는 지식이 생기죠? 그중에서 브랜치 전략에 대해 되돌아보는 시간을 가지려고 해요. 이미 갖추어진 환경에서 일한다면 크게 고민해보지 않았을 내용일 겁니다. 우리가 사용하는 브랜치 전략이 주어진 개발 프로세스에 적합한지 살펴봅시다.,https://yozm.wishket.com/magazine/detail/1558/,https://yozm.wishket.com/media/news/1558/image009.gif,화해팀,개발자
176,웹 서비스를 위한 Node.js 병렬처리 구현,2022.07.01.,"최근 Non-Blocking I/O 모델을 채택한 Node.js의 사용이 많다. Node.js는 사용자가 직접 스레드를 제어하지 못하는 한계로 인해 클라이언트로부터 요청이 증가할수록 비례하여 처리 속도가 느려지는 한계가 있다. 이번 글에서는 PM2와 Docker를 이용해 클러스터링을 구현, 멀티코어를 구현한 후 부하테스트를 진행하여 HTTP Request의 처리량 증가, 대기시간 감소, 초당 데이터 송수신량 등의 개선을 확인했다.",https://yozm.wishket.com/magazine/detail/1556/,https://yozm.wishket.com/media/news/1556/image007.png,Jay Ahn,Node
177,자바 언어의 장단점과 2022년 트렌드,2022.06.30.,개발자는 표준화된 객체 지향 언어인 자바를 사용해 강력한 고성능 애플리케이션을 개발할 수 있습니다. 자바는 플랫폼에 구애받지 않으며 JVM(Java Virtual Machine)이 설치된 모든 장치에서 동작합니다. 소프트웨어 개발자라면 지금까지 나열한 장점을 고려하여 코딩 언어로 자바를 선택할 것입니다. 이제부터 자바의 이러한 장점을 잘 활용하고 있는 대표적인 기업들을 알아보도록 하겠습니다.,https://yozm.wishket.com/magazine/detail/1555/,https://yozm.wishket.com/media/news/1555/image001.png,요즘IT의 번역글들,Java
178,데브옵스(DevOps) vs 데브섹옵스(DevSecOps),2022.06.29.,"데브옵스(DevOps)와 데브섹옵스(DevSecOps), 두 가지 방법론은 얼핏 비슷해 보이지만 사실 상당히 다른 접근방식을 취하고 있습니다. 둘 다 신속한 개발이라는 목표가 있으며, 애플리케이션 라이프사이클 전반에 걸쳐 높은 가시성과 쉬운 제어를 위해 서로 다른 팀을 하나로 모읍니다. 따라서 필요에 따라 선택하여 사용할 수 있습니다. 그렇다면 데브옵스와 데브섹옵스의 차이점은 무엇인지 살펴보도록 하겠습니다.",https://yozm.wishket.com/magazine/detail/1553/,https://yozm.wishket.com/media/news/1553/제목을-입력해주세요_-001__52_.png,요즘IT의 번역글들,DevOps
179,화해의 Data Warehouse를 소개합니다,2022.06.28.,"화해팀에는 다양한 직군이 있지만, 대부분의 직군이 업무에 데이터를 활용하고 있는 공통점이 있습니다. 데이터팀에서는 화해팀이 데이터를 더 쉽게, 더 잘 접근할 수 있도록 환경을 구축하고, 데이터 기반 의사결정을 위한 분석을 진행하고, 고객과 비즈니스의 문제 해결을 위한 알고리즘을 개발하는 등의 업무를 하고 있습니다. 이번 콘텐츠에서는 화해에서 데이터를 활용하는 과정에서 겪은 문제와 그 문제를 해결하기 위한 방법을 소개하겠습니다.",https://yozm.wishket.com/magazine/detail/1550/,https://yozm.wishket.com/media/news/1550/image011.jpg,화해팀,데이터
180,(비 개발자가) 개발자와 대화하기 위한 준비,2022.06.27.,"요즘 ‘개발자’를 들어보지 않은 사람을 찾기 어려워졌습니다. 모든 산업군에서 IT가 담당하는 부분이 보조 및 지원에서 핵심 동력으로 변화하고 있기 때문입니다. 이러한 변화에 발맞춰 다양한 직무의 사람들 또한 변화해야 하는 세상이 되었습니다. 재밌는 점은 예전에는 기술의 변화에 따라서 다른 직군이 지금과 같은 움직임을 보이지는 않았습니다. 반면 언제부턴가 개발자에 관해서 알아야 하는 세상이 되어버렸습니다. 여기서 우리는 기술이 오늘날 모든 주요 활동에 걸쳐 있으면서 직접적으로 가치 창출에 기여하고 있는 점에 주목해야 합니다. 따라서 시대의 흐름과 경영의 방향이 기술과 밀접하게 접목되고 있는 요즘, 개발자와의 대화는 그리 생소한 일이 아닐 것입니다. 그래서 이번 글에서는 개발자와의 대화를 주제로 개발자와 협업 시 소통에 ‘필요한 것’들과 ‘방식’을 공유하는 내용을 전달하고자 합니다.",https://yozm.wishket.com/magazine/detail/1547/,https://yozm.wishket.com/media/news/1547/제목을-입력해주세요_-001__47_.png,Jay Ahn,개발자
181,웹 개발 생산성을 높이기 위한 방법,2022.06.23.,"웹 개발 프로젝트는 일정 관리가 중요합니다. 충분한 프로젝트 기간 확보와 개발 생산성이 전체 프로젝트 성과에 큰 영향을 미치게 되는 것이죠. 이번 글에서는 웹 개발 일정 관리와 개발 생산성을 높이기 위한 방법들을 살펴보고, 웹 개발 프로젝트를 진행하기 전에 기본적으로 알아 두어야 하는 내용들을 정리해보았습니다.",https://yozm.wishket.com/magazine/detail/1542/,https://yozm.wishket.com/media/news/1542/제목을-입력해주세요_-001__44_.png,곰씨네 IT 블로그,일정
182,"[인터뷰] 이규원 강남언니 CTO ""나와 조직의 발전에 방해가 되는 문제들을 해결하기 위해 일하고 공부한다""",2022.06.22.,"이번 글의 주인공은 메디컬뷰티 플랫폼 '강남언니'를 운영하는 힐링페이퍼의 이규원 CTO입니다. 강남언니는 미용의료 정보를 전문으로 제공하는 앱으로, 메디컬뷰티 시장의 정보 비대칭 문제를 해결하기 위해 여러 서비스를 제공하고 있습니다.",https://yozm.wishket.com/magazine/detail/1541/,https://yozm.wishket.com/media/news/1541/image002.jpg,요즘IT,개발자
183,간단하지만 까다로운 언리얼 엔진 개발 환경 구축,2022.06.21.,"넷마블은 물론이고, 여러 회사에서 언리얼 엔진을 사용해 게임을 개발하고 서비스합니다. 그래서 언리얼 엔진 기반으로 개발하는 게임을 마주한다면, 직접 게임을 개발하는 개발자가 아니더라도 디버깅이나 성능 분석을 위해 언리얼 엔진 개발 환경을 구축해야 하는 상황이 생깁니다. 특히, 언리얼 인사이트나 네트워크 프로파일러 같은 유용한 툴을 쓰기 위해서는 언리얼 엔진 소스를 다운로드해 전체를 빌드해야 합니다. 언리얼 엔진 개발자들은 이미 익숙하게 잘 쓰고 계시겠지만, 언리얼 엔진이 제공하는 툴을 쓰는 지원 부서나 간접적으로 언리얼 엔진을 활용해야 하는 분들께서 최초 환경을 세팅하기 위한 간단 가이드를 소개합니다.",https://yozm.wishket.com/magazine/detail/1537/,https://yozm.wishket.com/media/news/1537/image011.png,넷마블 기술 블로그,언리얼 엔진
184,개발자가 블로그를 운영하면 좋은 점,2022.06.20.,"개발에는 과정과 결과가 있다. 결과물은 쉽게 보여줄 수 있지만 과정을 설명하기는 어렵다. 하지만 사람들은, 특히 면접관들은 지원자가 어떻게 그 결과물을 만들었는지 알고 싶어 한다. 개발에 얼마나 시간이 소요되는지, 어떤 부분에서 막히는지, 고민을 어떤 방식으로 해결해나가는지 등을 알아야 채용을 결정할 수 있기 때문이다. 이력서나 포트폴리오 외에 이런 내용을 담을 수 있는 창구가 바로 개발 블로그이다. 그래서 이번 글에서는 개발 블로그를 운영하면 좋은 점에 대해 살펴보려고 한다.",https://yozm.wishket.com/magazine/detail/1535/,https://yozm.wishket.com/media/news/1535/image001.jpg,zwoo,개발
185,세상에 나쁜 가설은 없다,2022.06.17.,"요즘IT를 포함한 많은 글이 이에 대한 장점과 필요성, 조금 더 나아가 데이터를 다루는 이론적인 방법이나 공공기관에서도 적용한 사례 등을 다루고 있습니다. 데이터를 잘 활용해서 더 큰 비즈니스적 임팩트를 만들어 낸다는 것은 멋진 일이지만 이를 이루기 위해 거쳐야 할 난관들이 있기도 합니다. 그중 오늘은 ‘데이터 분석’이라는 과정 중에 가장 먼저 고려해야 하는 “어떤 것을 데이터로 확인하려고 하는가?""에 관한 이야기를 해보려고 합니다.",https://yozm.wishket.com/magazine/detail/1533/,https://yozm.wishket.com/media/news/1533/제목을-입력해주세요_-001__41_.png,애옹킴,데이터
186,Atomic Design Pattern의 Best Practice 여정기,2022.06.16.,"좋은 폴더 구조에 관한 이야기는 개발자들 간의 끊임없는 떡밥입니다. 정답이 있지 않고 프로젝트의 특징이나 크기, 주관적인 해석에 따라 정말 여러 가지 방법들이 존재하기 때문입니다. 마치 ‘좋은 코드란 무엇일까?’와 같은 급의 질문이 아닐까 생각이 듭니다. 이번 글에서는 좋은 폴더 구조 이야기 중 먼저 컴포넌트에 한정해서 한번 이야기해보려고 합니다. 컴포넌트를 정리하거나 아키텍처 혹은 디자인 시스템을 검색하다 보면 한번쯤은 만나게 되는 바로 Atomic Design Pattern에 대한 이야기입니다.",https://yozm.wishket.com/magazine/detail/1531/,https://yozm.wishket.com/media/news/1531/image011.png,테오의 프론트엔드,개발자
187,내 웹사이트를 슬랙에서 돋보이게 해줄 메타 태그 8가지,2022.06.14.,"링크를 입력했을 때 나오는 제목과 부제목, 썸네일은 웹사이트의 첫인상을 결정하는 요소입니다. 또한 사용자가 클릭 전에 대략적인 정보를 요약해 미리 파악할 수 있고, 기본적인 SEO(검색 엔진 최적화)에도 영향을 줍니다. 결정적으로 클릭률에 아주 큰 영향을 주기 때문에 우리는 이를 잘 활용할 필요가 있습니다. 그래서 오늘은 슬랙에서의 링크 미리보기에 최적화된 메타 태그를 설정하는 방법을 소개합니다. 이번 포스트를 통해 슬랙에서의 링크 미리보기를 개선하고자 하는 마케터, 기획자, 개발자분들께 도움이 되었으면 좋겠습니다.",https://yozm.wishket.com/magazine/detail/1526/,https://yozm.wishket.com/media/news/1526/image001.png,재그지그의 개발 블로그,링크
188,여러분을 더 나은 플러터 개발자로 만들어줄 7가지 프로젝트,2022.06.13.,"본문은 요즘IT와 번역가 윌리(Willy)가 함께 만든 해외 번역 콘텐츠입니다. 이 글의 필자인 Farhan Tanvir는 현재 일본에서 소프트웨어 엔지니어로 일하고 있으며, 모바일 애플리케이션 개발을 하고 있습니다. 이번 글은 가장 인기 있는 크로스플랫폼 모바일 앱 개발 도구 중 하나인 '플러터' 개발자에게 도움이 될 만한 7가지 오픈소스 프로젝트를 소개하고 있습니다.",https://yozm.wishket.com/magazine/detail/1525/,https://yozm.wishket.com/media/news/1525/image006.png,요즘IT의 번역글들,윌리
189,SQL 가독성을 높이는 다섯 가지 사소한 습관,2022.06.09.,"지독하게 읽기 힘든 SQL 문을 해석해 본 적 있으신가요? 마치 암호를 읽는 것처럼 어렵습니다. 파이선처럼 들여쓰기와 띄어쓰기를 문법적으로 강제하는 언어를 사용해 봤다면 SQL의 자유로움에 잠깐 해방감을 느낄 수도 있습니다. 그렇지만 곧 남이 써 놓은 SQL 문을 해독하면서 '뭐 이딴 언어가 다 있나...'라고 생각하겠지요. 그래서 이번 글에서는 SQL 문법에서는 강제하지 않지만, 가독성 있는 SQL 코드를 쓸 수 있는 다섯 가지 습관들을 얘기해 보겠습니다.",https://yozm.wishket.com/magazine/detail/1519/,https://yozm.wishket.com/media/news/1519/제목을-입력해주세요_-001__29_.png,데이터리안,SQL
190,프론트엔드 개발자에게도 알고리즘 공부가 중요할까?,2022.06.03.,"우리는 왜 알고리즘을 공부할까요? 기초 소양을 쌓기 위해서? 좀 더 나은 개발자가 되기 위해서? 아주 틀린 이야기는 아니지만, 좀 더 솔직하게 얘기해 보겠습니다. 아마 대부분은 코딩 테스트를 통과하기 위해 알고리즘을 공부하고 있을 겁니다. 프론트엔드 개발자라면 ‘일단 서비스부터 잘 만들어야 할 것 같은데, 알고리즘은 또 언제 배우냐?’라며 막막한 마음이 들었던 것이 사실입니다. 저도 이런 고민을 했던 입장으로써, 오늘은 프론트엔드 개발자의 관점에서 알고리즘 공부의 중요성에 대해 솔직하게 이야기해보고자 합니다.",https://yozm.wishket.com/magazine/detail/1513/,https://yozm.wishket.com/media/news/1513/image001.gif,재그지그의 개발 블로그,알고리즘
191,AWS로 클라우드 시작하기: ⑤IAM & Organizations,2022.06.03.,"기존 온프레미스에 익숙한 개발자들에게 클라우드는 설정할 것들이 너무 많은 어려운 존재인데요. AWS를 처음 접하는 개발자들이 AWS를 친숙하게 이해하고, 클라우드 설계를 진행할 수 있도록 기초적인 내용을 전달하고자 총 6개의 시리즈로 아래와 같이 진행될 예정입니다. 오늘은 기업이 AWS를 사용하는 다양한 행태를 보완하기 위해 제공하는 IAM과 Organizations 기능을 살펴보겠습니다.",https://yozm.wishket.com/magazine/detail/1511/,https://yozm.wishket.com/media/news/1511/aws.jpg,논현동 용용이,개발자
192,생산성 있는 Review 문화가 되기까지,2022.05.24.,"리뷰가 좋은 것은 다들 알지만 실제로는 문화로 잘 자리 잡기 어렵습니다. 많은 회사에서 ‘바쁘다’거나 ‘그 시간에 코드 한 줄을 더 작성하는 낫다’라는 이유로 하지 못하기도 합니다. AB180에서도 지금의 리뷰 문화로 발전하기까지 매우 긴 시간이 걸렸습니다. 4년 이상 전부터 ‘코드 리뷰(Code Review)’를 했었지만, 지금의 문화와는 약간의 차이가 있었습니다. 오늘은 AB180 팀에서 만족하는 리뷰 문화가 정착까지의 여정을 함께 살펴보겠습니다.",https://yozm.wishket.com/magazine/detail/1497/,https://yozm.wishket.com/media/news/1497/리뷰_문화.jpg,AB180 엔지니어링 베이스,리뷰
193,데이터 엔지니어는 무슨 일을 할까?,2022.05.24.,"데이터 직군은 21세기에 가장 매력적인 직업으로 주목받고 있습니다. 그렇지만 정작 ‘어떤 일을 하는지’에 대해서는 덜 알려진 편입니다. 특히 데이터 직군 중 하나인 ‘데이터 엔지니어’는 업무의 중요도에 비해 정보를 구하기가 어렵고, 특히 해당 일을 하는 사람을 만나기도 힘듭니다. 저는 데이터 직군에서 일을 시작했기 때문에 업계에서 일하는 관계자들을 쉽게 만날 수 있었습니다. 각자의 배경, 소속한 기업의 상황에 따라 조금씩 다르지만 데이터 엔지니어의 업무에 대한 전반적인 이야기를 들을 수 있었습니다. 그래서 오늘은 이러한 내용들을 정리해 데이터 엔지니어를 목표로 하는 사람들을 위한 가이드를 작성해 보겠습니다.",https://yozm.wishket.com/magazine/detail/1496/,https://yozm.wishket.com/media/news/1496/software-developer-6521720_960_720.webp,애옹킴,데이터
194,Airbridge API 개발팀의 Monorepo 도입기,2022.05.18.,"SaaS를 만들어 고객에게 제공하는 과정에서 한 개로 시작한 컴포넌트가 필요에 따라 여러 개로 나누어져 관리하는 경우를 흔히 볼 수 있습니다. 이렇게 나누어진 컴포넌트 사이에는 연관관계가 생기고, 때로는 하나의 컴포넌트가 다른 컴포넌트에 의존성이 생기기도 합니다. AB180의 Airbridge API 개발팀에서도 다양한 컴포넌트를 다루고 있고, 이 과정에서 겪었던 몇 가지 문제점을 Monorepo를 통해 해결한 경험을 소개하고자 합니다.",https://yozm.wishket.com/magazine/detail/1487/,https://yozm.wishket.com/media/news/1487/monorepo_bPVwdgX.png,AB180 엔지니어링 베이스,SaaS
195,[인터뷰] 장욱진 엘리스 개발자 “서로에게 배울 수 있는 마음가짐을 가진 동료를 원한다”,2022.05.18.,"이번 글의 주인공은 카이스트 AI 연구실 박사과정 출신들이 공동 창업한 온라인 코딩 교육 스타트업 '엘리스'의 장욱진 개발자입니다. 엘리스는 현대자동차그룹·SK그룹·LG그룹 등 대기업은 물론, 고용노동부·국방부 등 각종 정부 기관에 코딩 교육 서비스를 제공하고 있습니다.",https://yozm.wishket.com/magazine/detail/1486/,https://yozm.wishket.com/media/news/1486/image003.jpg,요즘IT,개발자
196,‘액션-계산-데이터’ 관점으로 보는 함수형 프로그래밍 패러다임,2022.05.17.,"함수형 프로그래밍을 배우면서 깨달은 것이 있습니다.?실제 함수형 프로그래밍의 본질은 그렇게 어려운 것이 아닌데 이걸 설명하기 위해서는 대단히 어려운 일이 많았습니다.?아마 함수형 프로그래밍에 쓰이는 용어들이 대부분 낯설기 때문일지도 모릅니다. 최근 함수형 프로그램을 더 깊이 공부하다가 실제로 알려주고 싶었던 것이 방법이나 용어가 아닌, 코드를 함수형으로 생각하는 ‘함수형 사고 패러다임’이라는 걸 깨달았습니다. 그래서 오늘은 함수형 사고 패러다임을 바탕으로 새롭게 함수형 프로그래밍에 관한 글을 써보려고 합니다.",https://yozm.wishket.com/magazine/detail/1485/,https://yozm.wishket.com/media/news/1485/oop-vs-fp.jpg,테오의 프론트엔드,함수
197,AWS EventBridge를 활용한 업무 자동화,2022.05.16.,"AWS가 제공하는 서비스들은 대부분 모니터링 및 로깅을 제공합니다. 하지만 AWS 리소스에서 CloudWatch로 로그를 수집할 경우, 보관 주기를 CloudWatch의 AWS 콘솔이나 CLI를 사용하여 별도로 설정해줘야 하는 번거로움이 있습니다. 이러한 불편함을 해소하기 위한 업무 자동화 방법 중 하나로 EventBridge를 소개합니다. 이번 글에서는 EventBridge의 여러 역할 중 AWS 서비스 이벤트 데이터 전송에 대해서 다루려 합니다.",https://yozm.wishket.com/magazine/detail/1483/,https://yozm.wishket.com/media/news/1483/image001.jpg,화해팀,AWS
198,“임금님 귀는 당나귀 귀!”...대나무숲 슬랙 앱 만들기,2022.05.13.,"대나무숲 슬랙 앱 개발을 사이드 프로젝트로 진행했으며, 완료 후 좋은 반응을 얻고 있습니다. 그래서 이번 대나무숲 앱의 개발 과정 및 후기를 공유합니다. 이번 글을 통해 슬랙 앱 개발에 관심이 있으신 분들께 도움이 되었으면 좋겠습니다.",https://yozm.wishket.com/magazine/detail/1480/,https://yozm.wishket.com/media/news/1480/제목을-입력해주세요_-001__2_.png,재그지그의 개발 블로그,앱 개발
199,Web Browser에서 개발하기,2022.05.12.,사실 원활한 업무를 위해서는 개발 환경이 구성된 PC가 꼭 필요하다. 그래서 보통 개발 환경 구성이 끝난 노트북을 들고 다니면서 업무를 하기 마련이다. 그러나 업무 특성상 근무 시간 외에 급하게 처리해야 할 업무가 생겼을 때 휴대성이 좋은 태블릿PC 혹은 항상 휴대하고 다니는 스마트폰으로 간단히 업무 진행이 가능한 방법이 있어 소개하려고 한다. 무엇보다 인터넷만 된다면 장소와 환경에 상관없이 업무를 진행할 수 있는 것이 장점이다.,https://yozm.wishket.com/magazine/detail/1478/,https://yozm.wishket.com/media/news/1478/image001.png,pxd Story,개발자
200,리액트 네이티브 개발자들이 겪는 가장 빈번한 5가지 문제와 해결책,2022.05.11.,"리액트 네이티브는 리액트나 뷰(Vue)와 같은 다른 자바스크립트 라이브러리와 비교하면 커뮤니티가 크지 않으며, 개발 과정에서 마주치는 문제에 대한 해결책을 찾는데 종종 어려움을 겪게 됩니다. 지금부터 리액트 네이티브 개발에서 가장 빈번하게 부딪히는 난관을 어떻게 해결할 수 있는지 구체적인 예제를 통해 알아보도록 하겠습니다.",https://yozm.wishket.com/magazine/detail/1476/,https://yozm.wishket.com/media/news/1476/제목을-입력해주세요_-001__6_.png,요즘IT의 번역글들,Vue
201,[인터뷰] 김병규 빅픽처인터렉티브 개발본부장 “회사의 성장은 구성원의 성장으로부터”,2022.05.04.,"이번 인터뷰의 주인공은 종합 e스포츠 기업 빅픽처인터렉티브(이하 빅픽처)의 김병규 개발본부장입니다. 빅픽처는 '게이머의 삶을 가장 행복하게'라는 기치 아래 e스포츠 교육사업을 시작으로 게임미디어, e스포츠 플랫폼, 글로벌 대회 플랫폼 등 각종 e스포츠 사업을 진행하고 있습니다.",https://yozm.wishket.com/magazine/detail/1467/,https://yozm.wishket.com/media/news/1467/image003.jpg,요즘IT,개발자
202,멀티패스 우분투 VM에도 고정 IP를 붙여보자,2022.05.04.,"매우 협소한 저의 작업 환경은 WSL2로 부족함이 없으리라 생각했었습니다. 하지만 몹쓸 호기심이 발동해, 동일한 OS가 올라간 VM(Virtual Machine)이 여러 개 필요한 상황이 생겼습니다. 예전 글에서 말했던 것처럼, WSL에서 GUI 방식으로 편하게 클릭해서 설치하는 우분투는 같은 버전끼리 CLI로 익숙하지 않은 명령어를 학습해야만 쓸 수 있었습니다. 그러던 중, 우분투용으로 제공하는 멀티패스(Multipass)가 눈에 들어왔습니다.",https://yozm.wishket.com/magazine/detail/1466/,https://yozm.wishket.com/media/news/1466/image001.png,넷마블 기술 블로그,WSL2
